encoding_version,game_id,turn,seed,direction,label_source
3,5e243d90-de1e-4c84-80c3-1016aa981de7,0,100,up,main
3,5e243d90-de1e-4c84-80c3-1016aa981de7,1,100,right,main
3,5e243d90-de1e-4c84-80c3-1016aa981de7,2,100,down,main
3,5e243d90-de1e-4c84-80c3-1016aa981de7,3,100,down,main
3,5e243d90-de1e-4c84-80c3-1016aa981de7,4,100,left,main
3,5e243d90-de1e-4c84-80c3-1016aa981de7,5,100,left,main
3,5e243d90-de1e-4c84-80c3-1016aa981de7,6,100,left,main
3,5e243d90-de1e-4c84-80c3-1016aa981de7,7,100,left,main
3,5e243d90-de1e-4c84-80c3-1016aa981de7,8,100,up,main
3,5e243d90-de1e-4c84-80c3-1016aa981de7,9,100,left,main
3,5e243d90-de1e-4c84-80c3-1016aa981de7,10,100,down,main
3,5e243d90-de1e-4c84-80c3-1016aa981de7,11,100,down,main
3,5e243d90-de1e-4c84-80c3-1016aa981de7,12,100,down,main
3,5e243d90-de1e-4c84-80c3-1016aa981de7,13,100,down,main
3,5e243d90-de1e-4c84-80c3-1016aa981de7,14,100,right,main
3,5e243d90-de1e-4c84-80c3-1016aa981de7,15,100,up,main
3,5e243d90-de1e-4c84-80c3-1016aa981de7,16,100,up,main
3,5e243d90-de1e-4c84-80c3-1016aa981de7,17,100,up,main
3,5e243d90-de1e-4c84-80c3-1016aa981de7,18,100,up,main
3,5e243d90-de1e-4c84-80c3-1016aa981de7,19,100,up,main
3,5e243d90-de1e-4c84-80c3-1016aa981de7,20,100,up,main
3,5e243d90-de1e-4c84-80c3-1016aa981de7,21,100,up,main
3,5e243d90-de1e-4c84-80c3-1016aa981de7,22,100,right,main
3,5e243d90-de1e-4c84-80c3-1016aa981de7,23,100,up,main
3,5e243d90-de1e-4c84-80c3-1016aa981de7,24,100,right,main
3,5e243d90-de1e-4c84-80c3-1016aa981de7,25,100,up,main
3,5e243d90-de1e-4c84-80c3-1016aa981de7,26,100,right,main
3,5e243d90-de1e-4c84-80c3-1016aa981de7,27,100,down,main
3,5e243d90-de1e-4c84-80c3-1016aa981de7,28,100,down,main
3,5e243d90-de1e-4c84-80c3-1016aa981de7,29,100,left,main
3,5e243d90-de1e-4c84-80c3-1016aa981de7,30,100,left,main
3,5e243d90-de1e-4c84-80c3-1016aa981de7,31,100,left,main
3,5e243d90-de1e-4c84-80c3-1016aa981de7,32,100,left,main
3,5e243d90-de1e-4c84-80c3-1016aa981de7,33,100,left,main
3,5e243d90-de1e-4c84-80c3-1016aa981de7,34,100,left,main
3,5e243d90-de1e-4c84-80c3-1016aa981de7,35,100,up,main
3,5e243d90-de1e-4c84-80c3-1016aa981de7,36,100,left,main
3,5e243d90-de1e-4c84-80c3-1016aa981de7,37,100,up,main
3,5e243d90-de1e-4c84-80c3-1016aa981de7,38,100,left,main
3,5e243d90-de1e-4c84-80c3-1016aa981de7,39,100,down,main
3,5e243d90-de1e-4c84-80c3-1016aa981de7,40,100,down,main
3,5e243d90-de1e-4c84-80c3-1016aa981de7,41,100,down,main
3,5e243d90-de1e-4c84-80c3-1016aa981de7,42,100,down,main
3,5e243d90-de1e-4c84-80c3-1016aa981de7,43,100,down,main
3,5e243d90-de1e-4c84-80c3-1016aa981de7,44,100,down,main
3,5e243d90-de1e-4c84-80c3-1016aa981de7,45,100,down,main
3,5e243d90-de1e-4c84-80c3-1016aa981de7,46,100,down,main
3,5e243d90-de1e-4c84-80c3-1016aa981de7,47,100,right,main
3,5e243d90-de1e-4c84-80c3-1016aa981de7,48,100,down,main
3,5e243d90-de1e-4c84-80c3-1016aa981de7,49,100,right,main
3,5e243d90-de1e-4c84-80c3-1016aa981de7,50,100,down,main
3,5e243d90-de1e-4c84-80c3-1016aa981de7,51,100,right,main
3,5e243d90-de1e-4c84-80c3-1016aa981de7,52,100,right,main
3,5e243d90-de1e-4c84-80c3-1016aa981de7,53,100,right,main
3,5e243d90-de1e-4c84-80c3-1016aa981de7,54,100,right,main
3,5e243d90-de1e-4c84-80c3-1016aa981de7,55,100,right,main
3,5e243d90-de1e-4c84-80c3-1016aa981de7,56,100,up,main
3,5e243d90-de1e-4c84-80c3-1016aa981de7,57,100,up,main
3,5e243d90-de1e-4c84-80c3-1016aa981de7,58,100,left,main
3,5e243d90-de1e-4c84-80c3-1016aa981de7,59,100,up,main
3,5e243d90-de1e-4c84-80c3-1016aa981de7,60,100,left,main
3,5e243d90-de1e-4c84-80c3-1016aa981de7,61,100,up,main
3,5e243d90-de1e-4c84-80c3-1016aa981de7,62,100,left,main
3,5e243d90-de1e-4c84-80c3-1016aa981de7,63,100,up,main
3,5e243d90-de1e-4c84-80c3-1016aa981de7,64,100,left,main
3,5e243d90-de1e-4c84-80c3-1016aa981de7,65,100,up,main
3,5e243d90-de1e-4c84-80c3-1016aa981de7,66,100,left,main
3,5e243d90-de1e-4c84-80c3-1016aa981de7,67,100,down,main
3,5e243d90-de1e-4c84-80c3-1016aa981de7,68,100,down,main
3,5e243d90-de1e-4c84-80c3-1016aa981de7,69,100,down,main
3,5e243d90-de1e-4c84-80c3-1016aa981de7,70,100,right,main
3,5e243d90-de1e-4c84-80c3-1016aa981de7,71,100,down,main
3,5e243d90-de1e-4c84-80c3-1016aa981de7,72,100,right,main
3,5e243d90-de1e-4c84-80c3-1016aa981de7,73,100,down,main
3,5e243d90-de1e-4c84-80c3-1016aa981de7,74,100,right,main
3,5e243d90-de1e-4c84-80c3-1016aa981de7,75,100,up,main
3,5e243d90-de1e-4c84-80c3-1016aa981de7,76,100,right,main
3,5e243d90-de1e-4c84-80c3-1016aa981de7,77,100,up,main
3,5e243d90-de1e-4c84-80c3-1016aa981de7,78,100,up,main
3,5e243d90-de1e-4c84-80c3-1016aa981de7,79,100,up,main
3,5e243d90-de1e-4c84-80c3-1016aa981de7,80,100,right,main
3,5e243d90-de1e-4c84-80c3-1016aa981de7,81,100,up,main
3,5e243d90-de1e-4c84-80c3-1016aa981de7,82,100,right,main
3,5e243d90-de1e-4c84-80c3-1016aa981de7,83,100,up,main
3,5e243d90-de1e-4c84-80c3-1016aa981de7,84,100,up,main
3,5e243d90-de1e-4c84-80c3-1016aa981de7,85,100,left,main
3,5e243d90-de1e-4c84-80c3-1016aa981de7,86,100,up,main
3,5e243d90-de1e-4c84-80c3-1016aa981de7,87,100,left,main
3,5e243d90-de1e-4c84-80c3-1016aa981de7,88,100,up,main
3,5e243d90-de1e-4c84-80c3-1016aa981de7,89,100,left,main
