board_width,board_height,health,my_head_x,my_head_y,game_id,turn,seed,direction,label_source
11,11,100,9,5,31be0014-85c9-4192-a11c-46ba08268ca7,0,100,down,rule_based_agent
11,11,99,9,4,31be0014-85c9-4192-a11c-46ba08268ca7,1,100,left,rule_based_agent
11,11,98,8,4,31be0014-85c9-4192-a11c-46ba08268ca7,2,100,down,rule_based_agent
11,11,97,8,3,31be0014-85c9-4192-a11c-46ba08268ca7,3,100,down,rule_based_agent
11,11,96,8,2,31be0014-85c9-4192-a11c-46ba08268ca7,4,100,right,rule_based_agent
11,11,95,9,2,31be0014-85c9-4192-a11c-46ba08268ca7,5,100,down,rule_based_agent
11,11,94,9,1,31be0014-85c9-4192-a11c-46ba08268ca7,6,100,right,rule_based_agent
11,11,93,10,1,31be0014-85c9-4192-a11c-46ba08268ca7,7,100,down,rule_based_agent
11,11,92,10,0,31be0014-85c9-4192-a11c-46ba08268ca7,8,100,left,rule_based_agent
11,11,91,9,0,31be0014-85c9-4192-a11c-46ba08268ca7,9,100,up,rule_based_agent
11,11,90,9,1,31be0014-85c9-4192-a11c-46ba08268ca7,10,100,right,rule_based_agent
11,11,89,10,1,31be0014-85c9-4192-a11c-46ba08268ca7,11,100,up,rule_based_agent
11,11,88,10,2,31be0014-85c9-4192-a11c-46ba08268ca7,12,100,up,rule_based_agent
11,11,87,10,3,31be0014-85c9-4192-a11c-46ba08268ca7,13,100,left,rule_based_agent
11,11,86,9,3,31be0014-85c9-4192-a11c-46ba08268ca7,14,100,down,rule_based_agent
11,11,85,9,2,31be0014-85c9-4192-a11c-46ba08268ca7,15,100,down,rule_based_agent
11,11,84,9,1,31be0014-85c9-4192-a11c-46ba08268ca7,16,100,right,rule_based_agent
11,11,83,10,1,31be0014-85c9-4192-a11c-46ba08268ca7,17,100,up,rule_based_agent
11,11,82,10,2,31be0014-85c9-4192-a11c-46ba08268ca7,18,100,left,rule_based_agent
11,11,81,9,2,31be0014-85c9-4192-a11c-46ba08268ca7,19,100,up,rule_based_agent
11,11,80,9,3,31be0014-85c9-4192-a11c-46ba08268ca7,20,100,left,rule_based_agent
11,11,79,8,3,31be0014-85c9-4192-a11c-46ba08268ca7,21,100,up,rule_based_agent
11,11,78,8,4,31be0014-85c9-4192-a11c-46ba08268ca7,22,100,up,rule_based_agent
11,11,77,8,5,31be0014-85c9-4192-a11c-46ba08268ca7,23,100,up,rule_based_agent
11,11,76,8,6,31be0014-85c9-4192-a11c-46ba08268ca7,24,100,up,rule_based_agent
11,11,75,8,7,31be0014-85c9-4192-a11c-46ba08268ca7,25,100,left,rule_based_agent
11,11,74,7,7,31be0014-85c9-4192-a11c-46ba08268ca7,26,100,down,rule_based_agent
11,11,73,7,6,31be0014-85c9-4192-a11c-46ba08268ca7,27,100,right,rule_based_agent
11,11,72,8,6,31be0014-85c9-4192-a11c-46ba08268ca7,28,100,down,rule_based_agent
11,11,71,8,5,31be0014-85c9-4192-a11c-46ba08268ca7,29,100,down,rule_based_agent
11,11,70,8,4,31be0014-85c9-4192-a11c-46ba08268ca7,30,100,left,rule_based_agent
11,11,100,7,4,31be0014-85c9-4192-a11c-46ba08268ca7,31,100,down,rule_based_agent
11,11,99,7,3,31be0014-85c9-4192-a11c-46ba08268ca7,32,100,right,rule_based_agent
11,11,98,8,3,31be0014-85c9-4192-a11c-46ba08268ca7,33,100,right,rule_based_agent
11,11,97,9,3,31be0014-85c9-4192-a11c-46ba08268ca7,34,100,down,rule_based_agent
11,11,96,9,2,31be0014-85c9-4192-a11c-46ba08268ca7,35,100,down,rule_based_agent
11,11,95,9,1,31be0014-85c9-4192-a11c-46ba08268ca7,36,100,right,rule_based_agent
11,11,94,10,1,31be0014-85c9-4192-a11c-46ba08268ca7,37,100,up,rule_based_agent
11,11,93,10,2,31be0014-85c9-4192-a11c-46ba08268ca7,38,100,up,rule_based_agent
11,11,92,10,3,31be0014-85c9-4192-a11c-46ba08268ca7,39,100,up,rule_based_agent
11,11,91,10,4,31be0014-85c9-4192-a11c-46ba08268ca7,40,100,left,rule_based_agent
11,11,90,9,4,31be0014-85c9-4192-a11c-46ba08268ca7,41,100,up,rule_based_agent
11,11,89,9,5,31be0014-85c9-4192-a11c-46ba08268ca7,42,100,right,rule_based_agent
11,11,88,10,5,31be0014-85c9-4192-a11c-46ba08268ca7,43,100,up,rule_based_agent
11,11,100,10,6,31be0014-85c9-4192-a11c-46ba08268ca7,44,100,up,rule_based_agent
11,11,99,10,7,31be0014-85c9-4192-a11c-46ba08268ca7,45,100,up,rule_based_agent
11,11,98,10,8,31be0014-85c9-4192-a11c-46ba08268ca7,46,100,up,rule_based_agent
11,11,97,10,9,31be0014-85c9-4192-a11c-46ba08268ca7,47,100,up,rule_based_agent
11,11,96,10,10,31be0014-85c9-4192-a11c-46ba08268ca7,48,100,left,rule_based_agent
11,11,95,9,10,31be0014-85c9-4192-a11c-46ba08268ca7,49,100,left,rule_based_agent
11,11,100,8,10,31be0014-85c9-4192-a11c-46ba08268ca7,50,100,down,rule_based_agent
11,11,99,8,9,31be0014-85c9-4192-a11c-46ba08268ca7,51,100,right,rule_based_agent
11,11,98,9,9,31be0014-85c9-4192-a11c-46ba08268ca7,52,100,down,rule_based_agent
11,11,97,9,8,31be0014-85c9-4192-a11c-46ba08268ca7,53,100,right,rule_based_agent
11,11,96,10,8,31be0014-85c9-4192-a11c-46ba08268ca7,54,100,up,rule_based_agent
11,11,95,10,9,31be0014-85c9-4192-a11c-46ba08268ca7,55,100,up,rule_based_agent
11,11,94,10,10,31be0014-85c9-4192-a11c-46ba08268ca7,56,100,left,rule_based_agent
11,11,93,9,10,31be0014-85c9-4192-a11c-46ba08268ca7,57,100,left,rule_based_agent
11,11,92,8,10,31be0014-85c9-4192-a11c-46ba08268ca7,58,100,left,rule_based_agent
11,11,91,7,10,31be0014-85c9-4192-a11c-46ba08268ca7,59,100,left,rule_based_agent
11,11,90,6,10,31be0014-85c9-4192-a11c-46ba08268ca7,60,100,left,rule_based_agent
11,11,89,5,10,31be0014-85c9-4192-a11c-46ba08268ca7,61,100,down,rule_based_agent
11,11,88,5,9,31be0014-85c9-4192-a11c-46ba08268ca7,62,100,down,rule_based_agent
11,11,87,5,8,31be0014-85c9-4192-a11c-46ba08268ca7,63,100,left,rule_based_agent
11,11,100,4,8,31be0014-85c9-4192-a11c-46ba08268ca7,64,100,left,rule_based_agent
11,11,100,3,8,31be0014-85c9-4192-a11c-46ba08268ca7,65,100,down,rule_based_agent
11,11,99,3,7,31be0014-85c9-4192-a11c-46ba08268ca7,66,100,left,rule_based_agent
11,11,98,2,7,31be0014-85c9-4192-a11c-46ba08268ca7,67,100,up,rule_based_agent
11,11,97,2,8,31be0014-85c9-4192-a11c-46ba08268ca7,68,100,left,rule_based_agent
11,11,96,1,8,31be0014-85c9-4192-a11c-46ba08268ca7,69,100,left,rule_based_agent
11,11,95,0,8,31be0014-85c9-4192-a11c-46ba08268ca7,70,100,down,rule_based_agent
11,11,94,0,7,31be0014-85c9-4192-a11c-46ba08268ca7,71,100,right,rule_based_agent
11,11,93,1,7,31be0014-85c9-4192-a11c-46ba08268ca7,72,100,down,rule_based_agent
11,11,92,1,6,31be0014-85c9-4192-a11c-46ba08268ca7,73,100,down,rule_based_agent
11,11,91,1,5,31be0014-85c9-4192-a11c-46ba08268ca7,74,100,right,rule_based_agent
11,11,90,2,5,31be0014-85c9-4192-a11c-46ba08268ca7,75,100,right,rule_based_agent
11,11,89,3,5,31be0014-85c9-4192-a11c-46ba08268ca7,76,100,down,rule_based_agent
11,11,88,3,4,31be0014-85c9-4192-a11c-46ba08268ca7,77,100,down,rule_based_agent
11,11,87,3,3,31be0014-85c9-4192-a11c-46ba08268ca7,78,100,down,rule_based_agent
11,11,100,3,2,31be0014-85c9-4192-a11c-46ba08268ca7,79,100,left,rule_based_agent
11,11,99,2,2,31be0014-85c9-4192-a11c-46ba08268ca7,80,100,left,rule_based_agent
11,11,98,1,2,31be0014-85c9-4192-a11c-46ba08268ca7,81,100,left,rule_based_agent
11,11,97,0,2,31be0014-85c9-4192-a11c-46ba08268ca7,82,100,up,rule_based_agent
11,11,96,0,3,31be0014-85c9-4192-a11c-46ba08268ca7,83,100,up,rule_based_agent
11,11,95,0,4,31be0014-85c9-4192-a11c-46ba08268ca7,84,100,up,rule_based_agent
11,11,94,0,5,31be0014-85c9-4192-a11c-46ba08268ca7,85,100,right,rule_based_agent
11,11,93,1,5,31be0014-85c9-4192-a11c-46ba08268ca7,86,100,right,rule_based_agent
11,11,92,2,5,31be0014-85c9-4192-a11c-46ba08268ca7,87,100,right,rule_based_agent
11,11,91,3,5,31be0014-85c9-4192-a11c-46ba08268ca7,88,100,up,rule_based_agent
11,11,90,3,6,31be0014-85c9-4192-a11c-46ba08268ca7,89,100,right,rule_based_agent
11,11,89,4,6,31be0014-85c9-4192-a11c-46ba08268ca7,90,100,right,rule_based_agent
11,11,88,5,6,31be0014-85c9-4192-a11c-46ba08268ca7,91,100,right,rule_based_agent
11,11,100,6,6,31be0014-85c9-4192-a11c-46ba08268ca7,92,100,right,rule_based_agent
11,11,99,7,6,31be0014-85c9-4192-a11c-46ba08268ca7,93,100,down,rule_based_agent
11,11,98,7,5,31be0014-85c9-4192-a11c-46ba08268ca7,94,100,left,rule_based_agent
11,11,100,6,5,31be0014-85c9-4192-a11c-46ba08268ca7,95,100,left,rule_based_agent
11,11,100,5,5,31be0014-85c9-4192-a11c-46ba08268ca7,96,100,down,rule_based_agent
11,11,99,5,4,31be0014-85c9-4192-a11c-46ba08268ca7,97,100,right,rule_based_agent
11,11,98,6,4,31be0014-85c9-4192-a11c-46ba08268ca7,98,100,down,rule_based_agent
11,11,100,6,3,31be0014-85c9-4192-a11c-46ba08268ca7,99,100,left,rule_based_agent
11,11,99,5,3,31be0014-85c9-4192-a11c-46ba08268ca7,100,100,down,rule_based_agent
11,11,98,5,2,31be0014-85c9-4192-a11c-46ba08268ca7,101,100,right,rule_based_agent
11,11,97,6,2,31be0014-85c9-4192-a11c-46ba08268ca7,102,100,down,rule_based_agent
11,11,96,6,1,31be0014-85c9-4192-a11c-46ba08268ca7,103,100,right,rule_based_agent
11,11,95,7,1,31be0014-85c9-4192-a11c-46ba08268ca7,104,100,right,rule_based_agent
11,11,94,8,1,31be0014-85c9-4192-a11c-46ba08268ca7,105,100,up,rule_based_agent
11,11,93,8,2,31be0014-85c9-4192-a11c-46ba08268ca7,106,100,up,rule_based_agent
11,11,92,8,3,31be0014-85c9-4192-a11c-46ba08268ca7,107,100,left,rule_based_agent
11,11,100,7,3,31be0014-85c9-4192-a11c-46ba08268ca7,108,100,up,rule_based_agent
11,11,99,7,4,31be0014-85c9-4192-a11c-46ba08268ca7,109,100,right,rule_based_agent
11,11,98,8,4,31be0014-85c9-4192-a11c-46ba08268ca7,110,100,up,rule_based_agent
11,11,97,8,5,31be0014-85c9-4192-a11c-46ba08268ca7,111,100,right,rule_based_agent
11,11,96,9,5,31be0014-85c9-4192-a11c-46ba08268ca7,112,100,right,rule_based_agent
11,11,95,10,5,31be0014-85c9-4192-a11c-46ba08268ca7,113,100,down,rule_based_agent
11,11,94,10,4,31be0014-85c9-4192-a11c-46ba08268ca7,114,100,down,rule_based_agent
11,11,93,10,3,31be0014-85c9-4192-a11c-46ba08268ca7,115,100,left,rule_based_agent
11,11,92,9,3,31be0014-85c9-4192-a11c-46ba08268ca7,116,100,up,rule_based_agent
11,11,100,5,1,8af96da7-cb66-4c8c-b114-ec75675b5a5e,0,101,down,rule_based_agent
11,11,99,5,0,8af96da7-cb66-4c8c-b114-ec75675b5a5e,1,101,right,rule_based_agent
11,11,100,6,0,8af96da7-cb66-4c8c-b114-ec75675b5a5e,2,101,right,rule_based_agent
11,11,99,7,0,8af96da7-cb66-4c8c-b114-ec75675b5a5e,3,101,up,rule_based_agent
11,11,98,7,1,8af96da7-cb66-4c8c-b114-ec75675b5a5e,4,101,right,rule_based_agent
11,11,97,8,1,8af96da7-cb66-4c8c-b114-ec75675b5a5e,5,101,right,rule_based_agent
11,11,96,9,1,8af96da7-cb66-4c8c-b114-ec75675b5a5e,6,101,up,rule_based_agent
11,11,95,9,2,8af96da7-cb66-4c8c-b114-ec75675b5a5e,7,101,right,rule_based_agent
11,11,94,10,2,8af96da7-cb66-4c8c-b114-ec75675b5a5e,8,101,up,rule_based_agent
11,11,93,10,3,8af96da7-cb66-4c8c-b114-ec75675b5a5e,9,101,left,rule_based_agent
11,11,92,9,3,8af96da7-cb66-4c8c-b114-ec75675b5a5e,10,101,left,rule_based_agent
11,11,91,8,3,8af96da7-cb66-4c8c-b114-ec75675b5a5e,11,101,left,rule_based_agent
11,11,90,7,3,8af96da7-cb66-4c8c-b114-ec75675b5a5e,12,101,up,rule_based_agent
11,11,89,7,4,8af96da7-cb66-4c8c-b114-ec75675b5a5e,13,101,left,rule_based_agent
11,11,88,6,4,8af96da7-cb66-4c8c-b114-ec75675b5a5e,14,101,down,rule_based_agent
11,11,87,6,3,8af96da7-cb66-4c8c-b114-ec75675b5a5e,15,101,down,rule_based_agent
11,11,86,6,2,8af96da7-cb66-4c8c-b114-ec75675b5a5e,16,101,left,rule_based_agent
11,11,85,5,2,8af96da7-cb66-4c8c-b114-ec75675b5a5e,17,101,up,rule_based_agent
11,11,84,5,3,8af96da7-cb66-4c8c-b114-ec75675b5a5e,18,101,up,rule_based_agent
11,11,83,5,4,8af96da7-cb66-4c8c-b114-ec75675b5a5e,19,101,up,rule_based_agent
11,11,100,5,5,8af96da7-cb66-4c8c-b114-ec75675b5a5e,20,101,left,rule_based_agent
11,11,99,4,5,8af96da7-cb66-4c8c-b114-ec75675b5a5e,21,101,left,rule_based_agent
11,11,98,3,5,8af96da7-cb66-4c8c-b114-ec75675b5a5e,22,101,down,rule_based_agent
11,11,97,3,4,8af96da7-cb66-4c8c-b114-ec75675b5a5e,23,101,down,rule_based_agent
11,11,96,3,3,8af96da7-cb66-4c8c-b114-ec75675b5a5e,24,101,left,rule_based_agent
11,11,100,2,3,8af96da7-cb66-4c8c-b114-ec75675b5a5e,25,101,down,rule_based_agent
11,11,99,2,2,8af96da7-cb66-4c8c-b114-ec75675b5a5e,26,101,down,rule_based_agent
11,11,98,2,1,8af96da7-cb66-4c8c-b114-ec75675b5a5e,27,101,right,rule_based_agent
11,11,97,3,1,8af96da7-cb66-4c8c-b114-ec75675b5a5e,28,101,down,rule_based_agent
11,11,96,3,0,8af96da7-cb66-4c8c-b114-ec75675b5a5e,29,101,right,rule_based_agent
11,11,100,4,0,8af96da7-cb66-4c8c-b114-ec75675b5a5e,30,101,up,rule_based_agent
11,11,99,4,1,8af96da7-cb66-4c8c-b114-ec75675b5a5e,31,101,up,rule_based_agent
11,11,100,4,2,8af96da7-cb66-4c8c-b114-ec75675b5a5e,32,101,left,rule_based_agent
11,11,99,3,2,8af96da7-cb66-4c8c-b114-ec75675b5a5e,33,101,up,rule_based_agent
11,11,98,3,3,8af96da7-cb66-4c8c-b114-ec75675b5a5e,34,101,left,rule_based_agent
11,11,97,2,3,8af96da7-cb66-4c8c-b114-ec75675b5a5e,35,101,up,rule_based_agent
11,11,96,2,4,8af96da7-cb66-4c8c-b114-ec75675b5a5e,36,101,up,rule_based_agent
11,11,95,2,5,8af96da7-cb66-4c8c-b114-ec75675b5a5e,37,101,right,rule_based_agent
11,11,94,3,5,8af96da7-cb66-4c8c-b114-ec75675b5a5e,38,101,right,rule_based_agent
11,11,93,4,5,8af96da7-cb66-4c8c-b114-ec75675b5a5e,39,101,right,rule_based_agent
11,11,92,5,5,8af96da7-cb66-4c8c-b114-ec75675b5a5e,40,101,down,rule_based_agent
11,11,91,5,4,8af96da7-cb66-4c8c-b114-ec75675b5a5e,41,101,right,rule_based_agent
11,11,90,6,4,8af96da7-cb66-4c8c-b114-ec75675b5a5e,42,101,down,rule_based_agent
11,11,89,6,3,8af96da7-cb66-4c8c-b114-ec75675b5a5e,43,101,left,rule_based_agent
11,11,88,5,3,8af96da7-cb66-4c8c-b114-ec75675b5a5e,44,101,left,rule_based_agent
11,11,87,4,3,8af96da7-cb66-4c8c-b114-ec75675b5a5e,45,101,up,rule_based_agent
11,11,86,4,4,8af96da7-cb66-4c8c-b114-ec75675b5a5e,46,101,left,rule_based_agent
11,11,85,3,4,8af96da7-cb66-4c8c-b114-ec75675b5a5e,47,101,up,rule_based_agent
11,11,84,3,5,8af96da7-cb66-4c8c-b114-ec75675b5a5e,48,101,left,rule_based_agent
11,11,83,2,5,8af96da7-cb66-4c8c-b114-ec75675b5a5e,49,101,left,rule_based_agent
11,11,82,1,5,8af96da7-cb66-4c8c-b114-ec75675b5a5e,50,101,left,rule_based_agent
11,11,81,0,5,8af96da7-cb66-4c8c-b114-ec75675b5a5e,51,101,down,rule_based_agent
11,11,80,0,4,8af96da7-cb66-4c8c-b114-ec75675b5a5e,52,101,down,rule_based_agent
11,11,79,0,3,8af96da7-cb66-4c8c-b114-ec75675b5a5e,53,101,right,rule_based_agent
11,11,78,1,3,8af96da7-cb66-4c8c-b114-ec75675b5a5e,54,101,up,rule_based_agent
11,11,77,1,4,8af96da7-cb66-4c8c-b114-ec75675b5a5e,55,101,right,rule_based_agent
11,11,76,2,4,8af96da7-cb66-4c8c-b114-ec75675b5a5e,56,101,right,rule_based_agent
11,11,75,3,4,8af96da7-cb66-4c8c-b114-ec75675b5a5e,57,101,up,rule_based_agent
11,11,74,3,5,8af96da7-cb66-4c8c-b114-ec75675b5a5e,58,101,left,rule_based_agent
11,11,73,2,5,8af96da7-cb66-4c8c-b114-ec75675b5a5e,59,101,left,rule_based_agent
11,11,72,1,5,8af96da7-cb66-4c8c-b114-ec75675b5a5e,60,101,up,rule_based_agent
11,11,71,1,6,8af96da7-cb66-4c8c-b114-ec75675b5a5e,61,101,left,rule_based_agent
11,11,70,0,6,8af96da7-cb66-4c8c-b114-ec75675b5a5e,62,101,up,rule_based_agent
11,11,69,0,7,8af96da7-cb66-4c8c-b114-ec75675b5a5e,63,101,up,rule_based_agent
11,11,68,0,8,8af96da7-cb66-4c8c-b114-ec75675b5a5e,64,101,right,rule_based_agent
11,11,67,1,8,8af96da7-cb66-4c8c-b114-ec75675b5a5e,65,101,up,rule_based_agent
11,11,66,1,9,8af96da7-cb66-4c8c-b114-ec75675b5a5e,66,101,left,rule_based_agent
11,11,65,0,9,8af96da7-cb66-4c8c-b114-ec75675b5a5e,67,101,up,rule_based_agent
11,11,64,0,10,8af96da7-cb66-4c8c-b114-ec75675b5a5e,68,101,right,rule_based_agent
11,11,100,1,10,8af96da7-cb66-4c8c-b114-ec75675b5a5e,69,101,right,rule_based_agent
11,11,99,2,10,8af96da7-cb66-4c8c-b114-ec75675b5a5e,70,101,right,rule_based_agent
11,11,98,3,10,8af96da7-cb66-4c8c-b114-ec75675b5a5e,71,101,right,rule_based_agent
11,11,97,4,10,8af96da7-cb66-4c8c-b114-ec75675b5a5e,72,101,down,rule_based_agent
11,11,96,4,9,8af96da7-cb66-4c8c-b114-ec75675b5a5e,73,101,left,rule_based_agent
11,11,95,3,9,8af96da7-cb66-4c8c-b114-ec75675b5a5e,74,101,left,rule_based_agent
11,11,100,2,9,8af96da7-cb66-4c8c-b114-ec75675b5a5e,75,101,down,rule_based_agent
11,11,99,2,8,8af96da7-cb66-4c8c-b114-ec75675b5a5e,76,101,right,rule_based_agent
11,11,100,3,8,8af96da7-cb66-4c8c-b114-ec75675b5a5e,77,101,down,rule_based_agent
11,11,99,3,7,8af96da7-cb66-4c8c-b114-ec75675b5a5e,78,101,down,rule_based_agent
11,11,100,3,6,8af96da7-cb66-4c8c-b114-ec75675b5a5e,79,101,down,rule_based_agent
11,11,99,3,5,8af96da7-cb66-4c8c-b114-ec75675b5a5e,80,101,down,rule_based_agent
11,11,98,3,4,8af96da7-cb66-4c8c-b114-ec75675b5a5e,81,101,right,rule_based_agent
11,11,97,4,4,8af96da7-cb66-4c8c-b114-ec75675b5a5e,82,101,down,rule_based_agent
11,11,96,4,3,8af96da7-cb66-4c8c-b114-ec75675b5a5e,83,101,right,rule_based_agent
11,11,95,5,3,8af96da7-cb66-4c8c-b114-ec75675b5a5e,84,101,right,rule_based_agent
11,11,94,6,3,8af96da7-cb66-4c8c-b114-ec75675b5a5e,85,101,down,rule_based_agent
11,11,93,6,2,8af96da7-cb66-4c8c-b114-ec75675b5a5e,86,101,down,rule_based_agent
11,11,92,6,1,8af96da7-cb66-4c8c-b114-ec75675b5a5e,87,101,right,rule_based_agent
11,11,100,7,1,8af96da7-cb66-4c8c-b114-ec75675b5a5e,88,101,right,rule_based_agent
11,11,99,8,1,8af96da7-cb66-4c8c-b114-ec75675b5a5e,89,101,right,rule_based_agent
11,11,98,9,1,8af96da7-cb66-4c8c-b114-ec75675b5a5e,90,101,right,rule_based_agent
11,11,97,10,1,8af96da7-cb66-4c8c-b114-ec75675b5a5e,91,101,down,rule_based_agent
11,11,96,10,0,8af96da7-cb66-4c8c-b114-ec75675b5a5e,92,101,left,rule_based_agent
11,11,100,9,0,8af96da7-cb66-4c8c-b114-ec75675b5a5e,93,101,left,rule_based_agent
11,11,100,8,0,8af96da7-cb66-4c8c-b114-ec75675b5a5e,94,101,left,rule_based_agent
11,11,99,7,0,8af96da7-cb66-4c8c-b114-ec75675b5a5e,95,101,left,rule_based_agent
11,11,98,6,0,8af96da7-cb66-4c8c-b114-ec75675b5a5e,96,101,left,rule_based_agent
11,11,97,5,0,8af96da7-cb66-4c8c-b114-ec75675b5a5e,97,101,up,rule_based_agent
11,11,96,5,1,8af96da7-cb66-4c8c-b114-ec75675b5a5e,98,101,up,rule_based_agent
11,11,100,5,2,8af96da7-cb66-4c8c-b114-ec75675b5a5e,99,101,left,rule_based_agent
11,11,99,4,2,8af96da7-cb66-4c8c-b114-ec75675b5a5e,100,101,down,rule_based_agent
11,11,98,4,1,8af96da7-cb66-4c8c-b114-ec75675b5a5e,101,101,left,rule_based_agent
11,11,97,3,1,8af96da7-cb66-4c8c-b114-ec75675b5a5e,102,101,up,rule_based_agent
11,11,96,3,2,8af96da7-cb66-4c8c-b114-ec75675b5a5e,103,101,up,rule_based_agent
11,11,95,3,3,8af96da7-cb66-4c8c-b114-ec75675b5a5e,104,101,right,rule_based_agent
11,11,94,4,3,8af96da7-cb66-4c8c-b114-ec75675b5a5e,105,101,right,rule_based_agent
11,11,93,5,3,8af96da7-cb66-4c8c-b114-ec75675b5a5e,106,101,right,rule_based_agent
11,11,92,6,3,8af96da7-cb66-4c8c-b114-ec75675b5a5e,107,101,up,rule_based_agent
11,11,91,6,4,8af96da7-cb66-4c8c-b114-ec75675b5a5e,108,101,up,rule_based_agent
11,11,100,6,5,8af96da7-cb66-4c8c-b114-ec75675b5a5e,109,101,left,rule_based_agent
11,11,99,5,5,8af96da7-cb66-4c8c-b114-ec75675b5a5e,110,101,left,rule_based_agent
11,11,98,4,5,8af96da7-cb66-4c8c-b114-ec75675b5a5e,111,101,down,rule_based_agent
11,11,97,4,4,8af96da7-cb66-4c8c-b114-ec75675b5a5e,112,101,left,rule_based_agent
11,11,96,3,4,8af96da7-cb66-4c8c-b114-ec75675b5a5e,113,101,left,rule_based_agent
11,11,95,2,4,8af96da7-cb66-4c8c-b114-ec75675b5a5e,114,101,up,rule_based_agent
11,11,94,2,5,8af96da7-cb66-4c8c-b114-ec75675b5a5e,115,101,left,rule_based_agent
11,11,93,1,5,8af96da7-cb66-4c8c-b114-ec75675b5a5e,116,101,down,rule_based_agent
11,11,92,1,4,8af96da7-cb66-4c8c-b114-ec75675b5a5e,117,101,down,rule_based_agent
11,11,91,1,3,8af96da7-cb66-4c8c-b114-ec75675b5a5e,118,101,left,rule_based_agent
11,11,90,0,3,8af96da7-cb66-4c8c-b114-ec75675b5a5e,119,101,up,rule_based_agent
11,11,89,0,4,8af96da7-cb66-4c8c-b114-ec75675b5a5e,120,101,up,rule_based_agent
11,11,88,0,5,8af96da7-cb66-4c8c-b114-ec75675b5a5e,121,101,up,rule_based_agent
11,11,87,0,6,8af96da7-cb66-4c8c-b114-ec75675b5a5e,122,101,up,rule_based_agent
11,11,86,0,7,8af96da7-cb66-4c8c-b114-ec75675b5a5e,123,101,right,rule_based_agent
11,11,85,1,7,8af96da7-cb66-4c8c-b114-ec75675b5a5e,124,101,right,rule_based_agent
11,11,84,2,7,8af96da7-cb66-4c8c-b114-ec75675b5a5e,125,101,up,rule_based_agent
11,11,83,2,8,8af96da7-cb66-4c8c-b114-ec75675b5a5e,126,101,up,rule_based_agent
11,11,82,2,9,8af96da7-cb66-4c8c-b114-ec75675b5a5e,127,101,up,rule_based_agent
11,11,81,2,10,8af96da7-cb66-4c8c-b114-ec75675b5a5e,128,101,right,rule_based_agent
11,11,80,3,10,8af96da7-cb66-4c8c-b114-ec75675b5a5e,129,101,right,rule_based_agent
11,11,79,4,10,8af96da7-cb66-4c8c-b114-ec75675b5a5e,130,101,down,rule_based_agent
11,11,78,4,9,8af96da7-cb66-4c8c-b114-ec75675b5a5e,131,101,left,rule_based_agent
11,11,77,3,9,8af96da7-cb66-4c8c-b114-ec75675b5a5e,132,101,down,rule_based_agent
11,11,76,3,8,8af96da7-cb66-4c8c-b114-ec75675b5a5e,133,101,right,rule_based_agent
11,11,75,4,8,8af96da7-cb66-4c8c-b114-ec75675b5a5e,134,101,right,rule_based_agent
11,11,74,5,8,8af96da7-cb66-4c8c-b114-ec75675b5a5e,135,101,right,rule_based_agent
11,11,100,6,8,8af96da7-cb66-4c8c-b114-ec75675b5a5e,136,101,up,rule_based_agent
11,11,99,6,9,8af96da7-cb66-4c8c-b114-ec75675b5a5e,137,101,right,rule_based_agent
11,11,98,7,9,8af96da7-cb66-4c8c-b114-ec75675b5a5e,138,101,right,rule_based_agent
11,11,100,8,9,8af96da7-cb66-4c8c-b114-ec75675b5a5e,139,101,right,rule_based_agent
11,11,99,9,9,8af96da7-cb66-4c8c-b114-ec75675b5a5e,140,101,down,rule_based_agent
11,11,98,9,8,8af96da7-cb66-4c8c-b114-ec75675b5a5e,141,101,left,rule_based_agent
11,11,97,8,8,8af96da7-cb66-4c8c-b114-ec75675b5a5e,142,101,down,rule_based_agent
11,11,96,8,7,8af96da7-cb66-4c8c-b114-ec75675b5a5e,143,101,down,rule_based_agent
11,11,95,8,6,8af96da7-cb66-4c8c-b114-ec75675b5a5e,144,101,left,rule_based_agent
11,11,94,7,6,8af96da7-cb66-4c8c-b114-ec75675b5a5e,145,101,down,rule_based_agent
11,11,93,7,5,8af96da7-cb66-4c8c-b114-ec75675b5a5e,146,101,right,rule_based_agent
11,11,92,8,5,8af96da7-cb66-4c8c-b114-ec75675b5a5e,147,101,right,rule_based_agent
11,11,91,9,5,8af96da7-cb66-4c8c-b114-ec75675b5a5e,148,101,down,rule_based_agent
11,11,90,9,4,8af96da7-cb66-4c8c-b114-ec75675b5a5e,149,101,left,rule_based_agent
11,11,89,8,4,8af96da7-cb66-4c8c-b114-ec75675b5a5e,150,101,down,rule_based_agent
11,11,88,8,3,8af96da7-cb66-4c8c-b114-ec75675b5a5e,151,101,right,rule_based_agent
11,11,87,9,3,8af96da7-cb66-4c8c-b114-ec75675b5a5e,152,101,down,rule_based_agent
11,11,86,9,2,8af96da7-cb66-4c8c-b114-ec75675b5a5e,153,101,right,rule_based_agent
11,11,100,10,2,8af96da7-cb66-4c8c-b114-ec75675b5a5e,154,101,up,rule_based_agent
11,11,99,10,3,8af96da7-cb66-4c8c-b114-ec75675b5a5e,155,101,up,rule_based_agent
11,11,98,10,4,8af96da7-cb66-4c8c-b114-ec75675b5a5e,156,101,up,rule_based_agent
11,11,97,10,5,8af96da7-cb66-4c8c-b114-ec75675b5a5e,157,101,up,rule_based_agent
11,11,96,10,6,8af96da7-cb66-4c8c-b114-ec75675b5a5e,158,101,up,rule_based_agent
11,11,95,10,7,8af96da7-cb66-4c8c-b114-ec75675b5a5e,159,101,left,rule_based_agent
11,11,94,9,7,8af96da7-cb66-4c8c-b114-ec75675b5a5e,160,101,down,rule_based_agent
11,11,100,1,9,b6ba32cb-b785-44ff-8514-4cb88919ffe1,0,102,down,rule_based_agent
11,11,99,1,8,b6ba32cb-b785-44ff-8514-4cb88919ffe1,1,102,right,rule_based_agent
11,11,98,2,8,b6ba32cb-b785-44ff-8514-4cb88919ffe1,2,102,right,rule_based_agent
11,11,97,3,8,b6ba32cb-b785-44ff-8514-4cb88919ffe1,3,102,down,rule_based_agent
11,11,96,3,7,b6ba32cb-b785-44ff-8514-4cb88919ffe1,4,102,down,rule_based_agent
11,11,95,3,6,b6ba32cb-b785-44ff-8514-4cb88919ffe1,5,102,right,rule_based_agent
11,11,94,4,6,b6ba32cb-b785-44ff-8514-4cb88919ffe1,6,102,right,rule_based_agent
11,11,93,5,6,b6ba32cb-b785-44ff-8514-4cb88919ffe1,7,102,right,rule_based_agent
11,11,92,6,6,b6ba32cb-b785-44ff-8514-4cb88919ffe1,8,102,right,rule_based_agent
11,11,91,7,6,b6ba32cb-b785-44ff-8514-4cb88919ffe1,9,102,up,rule_based_agent
11,11,90,7,7,b6ba32cb-b785-44ff-8514-4cb88919ffe1,10,102,left,rule_based_agent
11,11,89,6,7,b6ba32cb-b785-44ff-8514-4cb88919ffe1,11,102,down,rule_based_agent
11,11,88,6,6,b6ba32cb-b785-44ff-8514-4cb88919ffe1,12,102,right,rule_based_agent
11,11,87,7,6,b6ba32cb-b785-44ff-8514-4cb88919ffe1,13,102,down,rule_based_agent
11,11,86,7,5,b6ba32cb-b785-44ff-8514-4cb88919ffe1,14,102,right,rule_based_agent
11,11,85,8,5,b6ba32cb-b785-44ff-8514-4cb88919ffe1,15,102,right,rule_based_agent
11,11,84,9,5,b6ba32cb-b785-44ff-8514-4cb88919ffe1,16,102,up,rule_based_agent
11,11,83,9,6,b6ba32cb-b785-44ff-8514-4cb88919ffe1,17,102,right,rule_based_agent
11,11,82,10,6,b6ba32cb-b785-44ff-8514-4cb88919ffe1,18,102,up,rule_based_agent
11,11,81,10,7,b6ba32cb-b785-44ff-8514-4cb88919ffe1,19,102,left,rule_based_agent
11,11,80,9,7,b6ba32cb-b785-44ff-8514-4cb88919ffe1,20,102,down,rule_based_agent
11,11,79,9,6,b6ba32cb-b785-44ff-8514-4cb88919ffe1,21,102,down,rule_based_agent
11,11,78,9,5,b6ba32cb-b785-44ff-8514-4cb88919ffe1,22,102,right,rule_based_agent
11,11,77,10,5,b6ba32cb-b785-44ff-8514-4cb88919ffe1,23,102,up,rule_based_agent
11,11,76,10,6,b6ba32cb-b785-44ff-8514-4cb88919ffe1,24,102,up,rule_based_agent
11,11,75,10,7,b6ba32cb-b785-44ff-8514-4cb88919ffe1,25,102,up,rule_based_agent
11,11,74,10,8,b6ba32cb-b785-44ff-8514-4cb88919ffe1,26,102,up,rule_based_agent
11,11,73,10,9,b6ba32cb-b785-44ff-8514-4cb88919ffe1,27,102,left,rule_based_agent
11,11,72,9,9,b6ba32cb-b785-44ff-8514-4cb88919ffe1,28,102,left,rule_based_agent
11,11,71,8,9,b6ba32cb-b785-44ff-8514-4cb88919ffe1,29,102,up,rule_based_agent
11,11,70,8,10,b6ba32cb-b785-44ff-8514-4cb88919ffe1,30,102,left,rule_based_agent
11,11,69,7,10,b6ba32cb-b785-44ff-8514-4cb88919ffe1,31,102,left,rule_based_agent
11,11,68,6,10,b6ba32cb-b785-44ff-8514-4cb88919ffe1,32,102,left,rule_based_agent
11,11,67,5,10,b6ba32cb-b785-44ff-8514-4cb88919ffe1,33,102,left,rule_based_agent
11,11,66,4,10,b6ba32cb-b785-44ff-8514-4cb88919ffe1,34,102,down,rule_based_agent
11,11,65,4,9,b6ba32cb-b785-44ff-8514-4cb88919ffe1,35,102,down,rule_based_agent
11,11,64,4,8,b6ba32cb-b785-44ff-8514-4cb88919ffe1,36,102,right,rule_based_agent
11,11,63,5,8,b6ba32cb-b785-44ff-8514-4cb88919ffe1,37,102,up,rule_based_agent
11,11,62,5,9,b6ba32cb-b785-44ff-8514-4cb88919ffe1,38,102,left,rule_based_agent
11,11,61,4,9,b6ba32cb-b785-44ff-8514-4cb88919ffe1,39,102,down,rule_based_agent
11,11,60,4,8,b6ba32cb-b785-44ff-8514-4cb88919ffe1,40,102,right,rule_based_agent
11,11,59,5,8,b6ba32cb-b785-44ff-8514-4cb88919ffe1,41,102,up,rule_based_agent
11,11,58,5,9,b6ba32cb-b785-44ff-8514-4cb88919ffe1,42,102,right,rule_based_agent
11,11,57,6,9,b6ba32cb-b785-44ff-8514-4cb88919ffe1,43,102,down,rule_based_agent
11,11,56,6,8,b6ba32cb-b785-44ff-8514-4cb88919ffe1,44,102,right,rule_based_agent
11,11,55,7,8,b6ba32cb-b785-44ff-8514-4cb88919ffe1,45,102,right,rule_based_agent
11,11,100,8,8,b6ba32cb-b785-44ff-8514-4cb88919ffe1,46,102,down,rule_based_agent
11,11,99,8,7,b6ba32cb-b785-44ff-8514-4cb88919ffe1,47,102,left,rule_based_agent
11,11,98,7,7,b6ba32cb-b785-44ff-8514-4cb88919ffe1,48,102,down,rule_based_agent
11,11,97,7,6,b6ba32cb-b785-44ff-8514-4cb88919ffe1,49,102,down,rule_based_agent
11,11,96,7,5,b6ba32cb-b785-44ff-8514-4cb88919ffe1,50,102,left,rule_based_agent
11,11,95,6,5,b6ba32cb-b785-44ff-8514-4cb88919ffe1,51,102,up,rule_based_agent
11,11,100,6,6,b6ba32cb-b785-44ff-8514-4cb88919ffe1,52,102,up,rule_based_agent
11,11,100,6,7,b6ba32cb-b785-44ff-8514-4cb88919ffe1,53,102,right,rule_based_agent
11,11,99,7,7,b6ba32cb-b785-44ff-8514-4cb88919ffe1,54,102,up,rule_based_agent
11,11,98,7,8,b6ba32cb-b785-44ff-8514-4cb88919ffe1,55,102,right,rule_based_agent
11,11,97,8,8,b6ba32cb-b785-44ff-8514-4cb88919ffe1,56,102,down,rule_based_agent
11,11,96,8,7,b6ba32cb-b785-44ff-8514-4cb88919ffe1,57,102,right,rule_based_agent
11,11,95,9,7,b6ba32cb-b785-44ff-8514-4cb88919ffe1,58,102,up,rule_based_agent
11,11,94,9,8,b6ba32cb-b785-44ff-8514-4cb88919ffe1,59,102,right,rule_based_agent
11,11,93,10,8,b6ba32cb-b785-44ff-8514-4cb88919ffe1,60,102,down,rule_based_agent
11,11,92,10,7,b6ba32cb-b785-44ff-8514-4cb88919ffe1,61,102,down,rule_based_agent
11,11,91,10,6,b6ba32cb-b785-44ff-8514-4cb88919ffe1,62,102,left,rule_based_agent
11,11,90,9,6,b6ba32cb-b785-44ff-8514-4cb88919ffe1,63,102,left,rule_based_agent
11,11,89,8,6,b6ba32cb-b785-44ff-8514-4cb88919ffe1,64,102,left,rule_based_agent
11,11,88,7,6,b6ba32cb-b785-44ff-8514-4cb88919ffe1,65,102,left,rule_based_agent
11,11,87,6,6,b6ba32cb-b785-44ff-8514-4cb88919ffe1,66,102,left,rule_based_agent
11,11,100,5,6,b6ba32cb-b785-44ff-8514-4cb88919ffe1,67,102,up,rule_based_agent
11,11,99,5,7,b6ba32cb-b785-44ff-8514-4cb88919ffe1,68,102,left,rule_based_agent
11,11,98,4,7,b6ba32cb-b785-44ff-8514-4cb88919ffe1,69,102,up,rule_based_agent
11,11,97,4,8,b6ba32cb-b785-44ff-8514-4cb88919ffe1,70,102,right,rule_based_agent
11,11,96,5,8,b6ba32cb-b785-44ff-8514-4cb88919ffe1,71,102,up,rule_based_agent
11,11,95,5,9,b6ba32cb-b785-44ff-8514-4cb88919ffe1,72,102,right,rule_based_agent
11,11,94,6,9,b6ba32cb-b785-44ff-8514-4cb88919ffe1,73,102,right,rule_based_agent
11,11,100,7,9,b6ba32cb-b785-44ff-8514-4cb88919ffe1,74,102,right,rule_based_agent
11,11,99,8,9,b6ba32cb-b785-44ff-8514-4cb88919ffe1,75,102,right,rule_based_agent
11,11,98,9,9,b6ba32cb-b785-44ff-8514-4cb88919ffe1,76,102,up,rule_based_agent
11,11,97,9,10,b6ba32cb-b785-44ff-8514-4cb88919ffe1,77,102,right,rule_based_agent
11,11,96,10,10,b6ba32cb-b785-44ff-8514-4cb88919ffe1,78,102,down,rule_based_agent
11,11,100,10,9,b6ba32cb-b785-44ff-8514-4cb88919ffe1,79,102,down,rule_based_agent
11,11,99,10,8,b6ba32cb-b785-44ff-8514-4cb88919ffe1,80,102,down,rule_based_agent
11,11,98,10,7,b6ba32cb-b785-44ff-8514-4cb88919ffe1,81,102,left,rule_based_agent
11,11,97,9,7,b6ba32cb-b785-44ff-8514-4cb88919ffe1,82,102,up,rule_based_agent
11,11,96,9,8,b6ba32cb-b785-44ff-8514-4cb88919ffe1,83,102,left,rule_based_agent
11,11,95,8,8,b6ba32cb-b785-44ff-8514-4cb88919ffe1,84,102,up,rule_based_agent
11,11,94,8,9,b6ba32cb-b785-44ff-8514-4cb88919ffe1,85,102,right,rule_based_agent
11,11,93,9,9,b6ba32cb-b785-44ff-8514-4cb88919ffe1,86,102,up,rule_based_agent
11,11,92,9,10,b6ba32cb-b785-44ff-8514-4cb88919ffe1,87,102,right,rule_based_agent
11,11,91,10,10,b6ba32cb-b785-44ff-8514-4cb88919ffe1,88,102,down,rule_based_agent
11,11,90,10,9,b6ba32cb-b785-44ff-8514-4cb88919ffe1,89,102,down,rule_based_agent
11,11,89,10,8,b6ba32cb-b785-44ff-8514-4cb88919ffe1,90,102,down,rule_based_agent
11,11,88,10,7,b6ba32cb-b785-44ff-8514-4cb88919ffe1,91,102,left,rule_based_agent
11,11,87,9,7,b6ba32cb-b785-44ff-8514-4cb88919ffe1,92,102,down,rule_based_agent
11,11,86,9,6,b6ba32cb-b785-44ff-8514-4cb88919ffe1,93,102,down,rule_based_agent
11,11,85,9,5,b6ba32cb-b785-44ff-8514-4cb88919ffe1,94,102,right,rule_based_agent
11,11,84,10,5,b6ba32cb-b785-44ff-8514-4cb88919ffe1,95,102,up,rule_based_agent
11,11,100,9,1,302d1d48-2235-4eda-9ffe-7577fb8b54ef,0,103,right,rule_based_agent
11,11,99,10,1,302d1d48-2235-4eda-9ffe-7577fb8b54ef,1,103,up,rule_based_agent
11,11,100,10,2,302d1d48-2235-4eda-9ffe-7577fb8b54ef,2,103,up,rule_based_agent
11,11,99,10,3,302d1d48-2235-4eda-9ffe-7577fb8b54ef,3,103,up,rule_based_agent
11,11,98,10,4,302d1d48-2235-4eda-9ffe-7577fb8b54ef,4,103,left,rule_based_agent
11,11,97,9,4,302d1d48-2235-4eda-9ffe-7577fb8b54ef,5,103,down,rule_based_agent
11,11,96,9,3,302d1d48-2235-4eda-9ffe-7577fb8b54ef,6,103,left,rule_based_agent
11,11,95,8,3,302d1d48-2235-4eda-9ffe-7577fb8b54ef,7,103,left,rule_based_agent
11,11,94,7,3,302d1d48-2235-4eda-9ffe-7577fb8b54ef,8,103,up,rule_based_agent
11,11,93,7,4,302d1d48-2235-4eda-9ffe-7577fb8b54ef,9,103,left,rule_based_agent
11,11,92,6,4,302d1d48-2235-4eda-9ffe-7577fb8b54ef,10,103,up,rule_based_agent
11,11,91,6,5,302d1d48-2235-4eda-9ffe-7577fb8b54ef,11,103,up,rule_based_agent
11,11,90,6,6,302d1d48-2235-4eda-9ffe-7577fb8b54ef,12,103,up,rule_based_agent
11,11,100,6,7,302d1d48-2235-4eda-9ffe-7577fb8b54ef,13,103,right,rule_based_agent
11,11,99,7,7,302d1d48-2235-4eda-9ffe-7577fb8b54ef,14,103,up,rule_based_agent
11,11,98,7,8,302d1d48-2235-4eda-9ffe-7577fb8b54ef,15,103,up,rule_based_agent
11,11,97,7,9,302d1d48-2235-4eda-9ffe-7577fb8b54ef,16,103,up,rule_based_agent
11,11,96,7,10,302d1d48-2235-4eda-9ffe-7577fb8b54ef,17,103,left,rule_based_agent
11,11,95,6,10,302d1d48-2235-4eda-9ffe-7577fb8b54ef,18,103,down,rule_based_agent
11,11,100,6,9,302d1d48-2235-4eda-9ffe-7577fb8b54ef,19,103,left,rule_based_agent
11,11,99,5,9,302d1d48-2235-4eda-9ffe-7577fb8b54ef,20,103,up,rule_based_agent
11,11,98,5,10,302d1d48-2235-4eda-9ffe-7577fb8b54ef,21,103,left,rule_based_agent
11,11,97,4,10,302d1d48-2235-4eda-9ffe-7577fb8b54ef,22,103,left,rule_based_agent
11,11,96,3,10,302d1d48-2235-4eda-9ffe-7577fb8b54ef,23,103,down,rule_based_agent
11,11,95,3,9,302d1d48-2235-4eda-9ffe-7577fb8b54ef,24,103,right,rule_based_agent
11,11,94,4,9,302d1d48-2235-4eda-9ffe-7577fb8b54ef,25,103,down,rule_based_agent
11,11,93,4,8,302d1d48-2235-4eda-9ffe-7577fb8b54ef,26,103,down,rule_based_agent
11,11,92,4,7,302d1d48-2235-4eda-9ffe-7577fb8b54ef,27,103,left,rule_based_agent
11,11,91,3,7,302d1d48-2235-4eda-9ffe-7577fb8b54ef,28,103,up,rule_based_agent
11,11,100,3,8,302d1d48-2235-4eda-9ffe-7577fb8b54ef,29,103,left,rule_based_agent
11,11,99,2,8,302d1d48-2235-4eda-9ffe-7577fb8b54ef,30,103,left,rule_based_agent
11,11,98,1,8,302d1d48-2235-4eda-9ffe-7577fb8b54ef,31,103,left,rule_based_agent
11,11,97,0,8,302d1d48-2235-4eda-9ffe-7577fb8b54ef,32,103,down,rule_based_agent
11,11,96,0,7,302d1d48-2235-4eda-9ffe-7577fb8b54ef,33,103,right,rule_based_agent
11,11,95,1,7,302d1d48-2235-4eda-9ffe-7577fb8b54ef,34,103,right,rule_based_agent
11,11,94,2,7,302d1d48-2235-4eda-9ffe-7577fb8b54ef,35,103,down,rule_based_agent
11,11,93,2,6,302d1d48-2235-4eda-9ffe-7577fb8b54ef,36,103,right,rule_based_agent
11,11,92,3,6,302d1d48-2235-4eda-9ffe-7577fb8b54ef,37,103,down,rule_based_agent
11,11,100,3,5,302d1d48-2235-4eda-9ffe-7577fb8b54ef,38,103,right,rule_based_agent
11,11,99,4,5,302d1d48-2235-4eda-9ffe-7577fb8b54ef,39,103,up,rule_based_agent
11,11,98,4,6,302d1d48-2235-4eda-9ffe-7577fb8b54ef,40,103,right,rule_based_agent
11,11,97,5,6,302d1d48-2235-4eda-9ffe-7577fb8b54ef,41,103,up,rule_based_agent
11,11,96,5,7,302d1d48-2235-4eda-9ffe-7577fb8b54ef,42,103,left,rule_based_agent
11,11,95,4,7,302d1d48-2235-4eda-9ffe-7577fb8b54ef,43,103,up,rule_based_agent
11,11,94,4,8,302d1d48-2235-4eda-9ffe-7577fb8b54ef,44,103,up,rule_based_agent
11,11,93,4,9,302d1d48-2235-4eda-9ffe-7577fb8b54ef,45,103,left,rule_based_agent
11,11,92,3,9,302d1d48-2235-4eda-9ffe-7577fb8b54ef,46,103,left,rule_based_agent
11,11,91,2,9,302d1d48-2235-4eda-9ffe-7577fb8b54ef,47,103,down,rule_based_agent
11,11,90,2,8,302d1d48-2235-4eda-9ffe-7577fb8b54ef,48,103,down,rule_based_agent
11,11,89,2,7,302d1d48-2235-4eda-9ffe-7577fb8b54ef,49,103,left,rule_based_agent
11,11,88,1,7,302d1d48-2235-4eda-9ffe-7577fb8b54ef,50,103,down,rule_based_agent
11,11,87,1,6,302d1d48-2235-4eda-9ffe-7577fb8b54ef,51,103,down,rule_based_agent
11,11,86,1,5,302d1d48-2235-4eda-9ffe-7577fb8b54ef,52,103,right,rule_based_agent
11,11,85,2,5,302d1d48-2235-4eda-9ffe-7577fb8b54ef,53,103,right,rule_based_agent
11,11,84,3,5,302d1d48-2235-4eda-9ffe-7577fb8b54ef,54,103,up,rule_based_agent
11,11,100,3,6,302d1d48-2235-4eda-9ffe-7577fb8b54ef,55,103,left,rule_based_agent
11,11,100,9,9,f0bc0cab-0550-4334-a6eb-67ef2e7e47b9,0,104,up,rule_based_agent
11,11,99,9,10,f0bc0cab-0550-4334-a6eb-67ef2e7e47b9,1,104,left,rule_based_agent
11,11,100,8,10,f0bc0cab-0550-4334-a6eb-67ef2e7e47b9,2,104,down,rule_based_agent
11,11,99,8,9,f0bc0cab-0550-4334-a6eb-67ef2e7e47b9,3,104,left,rule_based_agent
11,11,98,7,9,f0bc0cab-0550-4334-a6eb-67ef2e7e47b9,4,104,down,rule_based_agent
11,11,97,7,8,f0bc0cab-0550-4334-a6eb-67ef2e7e47b9,5,104,down,rule_based_agent
11,11,96,7,7,f0bc0cab-0550-4334-a6eb-67ef2e7e47b9,6,104,right,rule_based_agent
11,11,95,8,7,f0bc0cab-0550-4334-a6eb-67ef2e7e47b9,7,104,up,rule_based_agent
11,11,94,8,8,f0bc0cab-0550-4334-a6eb-67ef2e7e47b9,8,104,up,rule_based_agent
11,11,93,8,9,f0bc0cab-0550-4334-a6eb-67ef2e7e47b9,9,104,up,rule_based_agent
11,11,92,8,10,f0bc0cab-0550-4334-a6eb-67ef2e7e47b9,10,104,left,rule_based_agent
11,11,91,7,10,f0bc0cab-0550-4334-a6eb-67ef2e7e47b9,11,104,down,rule_based_agent
11,11,90,7,9,f0bc0cab-0550-4334-a6eb-67ef2e7e47b9,12,104,down,rule_based_agent
11,11,89,7,8,f0bc0cab-0550-4334-a6eb-67ef2e7e47b9,13,104,down,rule_based_agent
11,11,88,7,7,f0bc0cab-0550-4334-a6eb-67ef2e7e47b9,14,104,right,rule_based_agent
11,11,87,8,7,f0bc0cab-0550-4334-a6eb-67ef2e7e47b9,15,104,down,rule_based_agent
11,11,86,8,6,f0bc0cab-0550-4334-a6eb-67ef2e7e47b9,16,104,left,rule_based_agent
11,11,85,7,6,f0bc0cab-0550-4334-a6eb-67ef2e7e47b9,17,104,down,rule_based_agent
11,11,84,7,5,f0bc0cab-0550-4334-a6eb-67ef2e7e47b9,18,104,down,rule_based_agent
11,11,83,7,4,f0bc0cab-0550-4334-a6eb-67ef2e7e47b9,19,104,right,rule_based_agent
11,11,82,8,4,f0bc0cab-0550-4334-a6eb-67ef2e7e47b9,20,104,down,rule_based_agent
11,11,81,8,3,f0bc0cab-0550-4334-a6eb-67ef2e7e47b9,21,104,left,rule_based_agent
11,11,80,7,3,f0bc0cab-0550-4334-a6eb-67ef2e7e47b9,22,104,left,rule_based_agent
11,11,79,6,3,f0bc0cab-0550-4334-a6eb-67ef2e7e47b9,23,104,left,rule_based_agent
11,11,78,5,3,f0bc0cab-0550-4334-a6eb-67ef2e7e47b9,24,104,up,rule_based_agent
11,11,77,5,4,f0bc0cab-0550-4334-a6eb-67ef2e7e47b9,25,104,right,rule_based_agent
11,11,76,6,4,f0bc0cab-0550-4334-a6eb-67ef2e7e47b9,26,104,right,rule_based_agent
11,11,75,7,4,f0bc0cab-0550-4334-a6eb-67ef2e7e47b9,27,104,down,rule_based_agent
11,11,74,7,3,f0bc0cab-0550-4334-a6eb-67ef2e7e47b9,28,104,down,rule_based_agent
11,11,73,7,2,f0bc0cab-0550-4334-a6eb-67ef2e7e47b9,29,104,left,rule_based_agent
11,11,72,6,2,f0bc0cab-0550-4334-a6eb-67ef2e7e47b9,30,104,down,rule_based_agent
11,11,71,6,1,f0bc0cab-0550-4334-a6eb-67ef2e7e47b9,31,104,right,rule_based_agent
11,11,70,7,1,f0bc0cab-0550-4334-a6eb-67ef2e7e47b9,32,104,down,rule_based_agent
11,11,69,7,0,f0bc0cab-0550-4334-a6eb-67ef2e7e47b9,33,104,right,rule_based_agent
11,11,68,8,0,f0bc0cab-0550-4334-a6eb-67ef2e7e47b9,34,104,up,rule_based_agent
11,11,67,8,1,f0bc0cab-0550-4334-a6eb-67ef2e7e47b9,35,104,up,rule_based_agent
11,11,66,8,2,f0bc0cab-0550-4334-a6eb-67ef2e7e47b9,36,104,up,rule_based_agent
11,11,65,8,3,f0bc0cab-0550-4334-a6eb-67ef2e7e47b9,37,104,up,rule_based_agent
11,11,64,8,4,f0bc0cab-0550-4334-a6eb-67ef2e7e47b9,38,104,right,rule_based_agent
11,11,63,9,4,f0bc0cab-0550-4334-a6eb-67ef2e7e47b9,39,104,up,rule_based_agent
11,11,100,9,5,f0bc0cab-0550-4334-a6eb-67ef2e7e47b9,40,104,up,rule_based_agent
11,11,99,9,6,f0bc0cab-0550-4334-a6eb-67ef2e7e47b9,41,104,left,rule_based_agent
11,11,98,8,6,f0bc0cab-0550-4334-a6eb-67ef2e7e47b9,42,104,left,rule_based_agent
11,11,97,7,6,f0bc0cab-0550-4334-a6eb-67ef2e7e47b9,43,104,down,rule_based_agent
11,11,96,7,5,f0bc0cab-0550-4334-a6eb-67ef2e7e47b9,44,104,left,rule_based_agent
11,11,100,6,5,f0bc0cab-0550-4334-a6eb-67ef2e7e47b9,45,104,up,rule_based_agent
11,11,99,6,6,f0bc0cab-0550-4334-a6eb-67ef2e7e47b9,46,104,left,rule_based_agent
11,11,98,5,6,f0bc0cab-0550-4334-a6eb-67ef2e7e47b9,47,104,left,rule_based_agent
11,11,97,4,6,f0bc0cab-0550-4334-a6eb-67ef2e7e47b9,48,104,left,rule_based_agent
11,11,100,3,6,f0bc0cab-0550-4334-a6eb-67ef2e7e47b9,49,104,up,rule_based_agent
11,11,100,3,7,f0bc0cab-0550-4334-a6eb-67ef2e7e47b9,50,104,up,rule_based_agent
11,11,99,3,8,f0bc0cab-0550-4334-a6eb-67ef2e7e47b9,51,104,up,rule_based_agent
11,11,98,3,9,f0bc0cab-0550-4334-a6eb-67ef2e7e47b9,52,104,right,rule_based_agent
11,11,97,4,9,f0bc0cab-0550-4334-a6eb-67ef2e7e47b9,53,104,right,rule_based_agent
11,11,96,5,9,f0bc0cab-0550-4334-a6eb-67ef2e7e47b9,54,104,down,rule_based_agent
11,11,95,5,8,f0bc0cab-0550-4334-a6eb-67ef2e7e47b9,55,104,right,rule_based_agent
11,11,94,6,8,f0bc0cab-0550-4334-a6eb-67ef2e7e47b9,56,104,down,rule_based_agent
11,11,93,6,7,f0bc0cab-0550-4334-a6eb-67ef2e7e47b9,57,104,right,rule_based_agent
11,11,92,7,7,f0bc0cab-0550-4334-a6eb-67ef2e7e47b9,58,104,up,rule_based_agent
11,11,91,7,8,f0bc0cab-0550-4334-a6eb-67ef2e7e47b9,59,104,up,rule_based_agent
11,11,90,7,9,f0bc0cab-0550-4334-a6eb-67ef2e7e47b9,60,104,up,rule_based_agent
11,11,89,7,10,f0bc0cab-0550-4334-a6eb-67ef2e7e47b9,61,104,left,rule_based_agent
11,11,88,6,10,f0bc0cab-0550-4334-a6eb-67ef2e7e47b9,62,104,down,rule_based_agent
11,11,87,6,9,f0bc0cab-0550-4334-a6eb-67ef2e7e47b9,63,104,left,rule_based_agent
11,11,86,5,9,f0bc0cab-0550-4334-a6eb-67ef2e7e47b9,64,104,left,rule_based_agent
11,11,85,4,9,f0bc0cab-0550-4334-a6eb-67ef2e7e47b9,65,104,down,rule_based_agent
11,11,100,4,8,f0bc0cab-0550-4334-a6eb-67ef2e7e47b9,66,104,down,rule_based_agent
11,11,99,4,7,f0bc0cab-0550-4334-a6eb-67ef2e7e47b9,67,104,down,rule_based_agent
11,11,98,4,6,f0bc0cab-0550-4334-a6eb-67ef2e7e47b9,68,104,left,rule_based_agent
11,11,97,3,6,f0bc0cab-0550-4334-a6eb-67ef2e7e47b9,69,104,up,rule_based_agent
11,11,96,3,7,f0bc0cab-0550-4334-a6eb-67ef2e7e47b9,70,104,up,rule_based_agent
11,11,95,3,8,f0bc0cab-0550-4334-a6eb-67ef2e7e47b9,71,104,left,rule_based_agent
11,11,94,2,8,f0bc0cab-0550-4334-a6eb-67ef2e7e47b9,72,104,up,rule_based_agent
11,11,93,2,9,f0bc0cab-0550-4334-a6eb-67ef2e7e47b9,73,104,up,rule_based_agent
11,11,92,2,10,f0bc0cab-0550-4334-a6eb-67ef2e7e47b9,74,104,left,rule_based_agent
11,11,100,1,10,f0bc0cab-0550-4334-a6eb-67ef2e7e47b9,75,104,down,rule_based_agent
11,11,99,1,9,f0bc0cab-0550-4334-a6eb-67ef2e7e47b9,76,104,down,rule_based_agent
11,11,98,1,8,f0bc0cab-0550-4334-a6eb-67ef2e7e47b9,77,104,down,rule_based_agent
11,11,97,1,7,f0bc0cab-0550-4334-a6eb-67ef2e7e47b9,78,104,right,rule_based_agent
11,11,96,2,7,f0bc0cab-0550-4334-a6eb-67ef2e7e47b9,79,104,down,rule_based_agent
11,11,100,2,6,f0bc0cab-0550-4334-a6eb-67ef2e7e47b9,80,104,down,rule_based_agent
11,11,99,2,5,f0bc0cab-0550-4334-a6eb-67ef2e7e47b9,81,104,down,rule_based_agent
11,11,98,2,4,f0bc0cab-0550-4334-a6eb-67ef2e7e47b9,82,104,left,rule_based_agent
11,11,97,1,4,f0bc0cab-0550-4334-a6eb-67ef2e7e47b9,83,104,left,rule_based_agent
11,11,96,0,4,f0bc0cab-0550-4334-a6eb-67ef2e7e47b9,84,104,down,rule_based_agent
11,11,95,0,3,f0bc0cab-0550-4334-a6eb-67ef2e7e47b9,85,104,right,rule_based_agent
11,11,94,1,3,f0bc0cab-0550-4334-a6eb-67ef2e7e47b9,86,104,down,rule_based_agent
11,11,100,1,2,f0bc0cab-0550-4334-a6eb-67ef2e7e47b9,87,104,right,rule_based_agent
11,11,99,2,2,f0bc0cab-0550-4334-a6eb-67ef2e7e47b9,88,104,down,rule_based_agent
11,11,100,2,1,f0bc0cab-0550-4334-a6eb-67ef2e7e47b9,89,104,left,rule_based_agent
11,11,99,1,1,f0bc0cab-0550-4334-a6eb-67ef2e7e47b9,90,104,down,rule_based_agent
11,11,98,1,0,f0bc0cab-0550-4334-a6eb-67ef2e7e47b9,91,104,left,rule_based_agent
11,11,97,0,0,f0bc0cab-0550-4334-a6eb-67ef2e7e47b9,92,104,up,rule_based_agent
11,11,96,0,1,f0bc0cab-0550-4334-a6eb-67ef2e7e47b9,93,104,up,rule_based_agent
11,11,100,1,9,022c9b7d-1105-4dbf-8d18-15a0a2b68f95,0,105,left,rule_based_agent
11,11,99,0,9,022c9b7d-1105-4dbf-8d18-15a0a2b68f95,1,105,up,rule_based_agent
11,11,98,0,10,022c9b7d-1105-4dbf-8d18-15a0a2b68f95,2,105,right,rule_based_agent
11,11,97,1,10,022c9b7d-1105-4dbf-8d18-15a0a2b68f95,3,105,right,rule_based_agent
11,11,96,2,10,022c9b7d-1105-4dbf-8d18-15a0a2b68f95,4,105,right,rule_based_agent
11,11,95,3,10,022c9b7d-1105-4dbf-8d18-15a0a2b68f95,5,105,right,rule_based_agent
11,11,94,4,10,022c9b7d-1105-4dbf-8d18-15a0a2b68f95,6,105,down,rule_based_agent
11,11,93,4,9,022c9b7d-1105-4dbf-8d18-15a0a2b68f95,7,105,left,rule_based_agent
11,11,92,3,9,022c9b7d-1105-4dbf-8d18-15a0a2b68f95,8,105,up,rule_based_agent
11,11,91,3,10,022c9b7d-1105-4dbf-8d18-15a0a2b68f95,9,105,left,rule_based_agent
11,11,90,2,10,022c9b7d-1105-4dbf-8d18-15a0a2b68f95,10,105,down,rule_based_agent
11,11,89,2,9,022c9b7d-1105-4dbf-8d18-15a0a2b68f95,11,105,right,rule_based_agent
11,11,88,3,9,022c9b7d-1105-4dbf-8d18-15a0a2b68f95,12,105,down,rule_based_agent
11,11,87,3,8,022c9b7d-1105-4dbf-8d18-15a0a2b68f95,13,105,left,rule_based_agent
11,11,86,2,8,022c9b7d-1105-4dbf-8d18-15a0a2b68f95,14,105,up,rule_based_agent
11,11,85,2,9,022c9b7d-1105-4dbf-8d18-15a0a2b68f95,15,105,left,rule_based_agent
11,11,84,1,9,022c9b7d-1105-4dbf-8d18-15a0a2b68f95,16,105,left,rule_based_agent
11,11,83,0,9,022c9b7d-1105-4dbf-8d18-15a0a2b68f95,17,105,down,rule_based_agent
11,11,100,0,8,022c9b7d-1105-4dbf-8d18-15a0a2b68f95,18,105,right,rule_based_agent
11,11,99,1,8,022c9b7d-1105-4dbf-8d18-15a0a2b68f95,19,105,right,rule_based_agent
11,11,98,2,8,022c9b7d-1105-4dbf-8d18-15a0a2b68f95,20,105,right,rule_based_agent
11,11,97,3,8,022c9b7d-1105-4dbf-8d18-15a0a2b68f95,21,105,up,rule_based_agent
11,11,96,3,9,022c9b7d-1105-4dbf-8d18-15a0a2b68f95,22,105,right,rule_based_agent
11,11,95,4,9,022c9b7d-1105-4dbf-8d18-15a0a2b68f95,23,105,up,rule_based_agent
11,11,94,4,10,022c9b7d-1105-4dbf-8d18-15a0a2b68f95,24,105,right,rule_based_agent
11,11,93,5,10,022c9b7d-1105-4dbf-8d18-15a0a2b68f95,25,105,right,rule_based_agent
11,11,100,6,10,022c9b7d-1105-4dbf-8d18-15a0a2b68f95,26,105,down,rule_based_agent
11,11,99,6,9,022c9b7d-1105-4dbf-8d18-15a0a2b68f95,27,105,left,rule_based_agent
11,11,98,5,9,022c9b7d-1105-4dbf-8d18-15a0a2b68f95,28,105,down,rule_based_agent
11,11,97,5,8,022c9b7d-1105-4dbf-8d18-15a0a2b68f95,29,105,left,rule_based_agent
11,11,96,4,8,022c9b7d-1105-4dbf-8d18-15a0a2b68f95,30,105,left,rule_based_agent
11,11,95,3,8,022c9b7d-1105-4dbf-8d18-15a0a2b68f95,31,105,left,rule_based_agent
11,11,94,2,8,022c9b7d-1105-4dbf-8d18-15a0a2b68f95,32,105,up,rule_based_agent
11,11,93,2,9,022c9b7d-1105-4dbf-8d18-15a0a2b68f95,33,105,right,rule_based_agent
11,11,92,3,9,022c9b7d-1105-4dbf-8d18-15a0a2b68f95,34,105,right,rule_based_agent
11,11,91,4,9,022c9b7d-1105-4dbf-8d18-15a0a2b68f95,35,105,right,rule_based_agent
11,11,90,5,9,022c9b7d-1105-4dbf-8d18-15a0a2b68f95,36,105,right,rule_based_agent
11,11,89,6,9,022c9b7d-1105-4dbf-8d18-15a0a2b68f95,37,105,right,rule_based_agent
11,11,88,7,9,022c9b7d-1105-4dbf-8d18-15a0a2b68f95,38,105,right,rule_based_agent
11,11,87,8,9,022c9b7d-1105-4dbf-8d18-15a0a2b68f95,39,105,right,rule_based_agent
11,11,86,9,9,022c9b7d-1105-4dbf-8d18-15a0a2b68f95,40,105,down,rule_based_agent
11,11,100,9,8,022c9b7d-1105-4dbf-8d18-15a0a2b68f95,41,105,right,rule_based_agent
11,11,99,10,8,022c9b7d-1105-4dbf-8d18-15a0a2b68f95,42,105,down,rule_based_agent
11,11,98,10,7,022c9b7d-1105-4dbf-8d18-15a0a2b68f95,43,105,left,rule_based_agent
11,11,100,9,7,022c9b7d-1105-4dbf-8d18-15a0a2b68f95,44,105,down,rule_based_agent
11,11,99,9,6,022c9b7d-1105-4dbf-8d18-15a0a2b68f95,45,105,right,rule_based_agent
11,11,100,10,6,022c9b7d-1105-4dbf-8d18-15a0a2b68f95,46,105,down,rule_based_agent
11,11,99,10,5,022c9b7d-1105-4dbf-8d18-15a0a2b68f95,47,105,left,rule_based_agent
11,11,100,9,5,022c9b7d-1105-4dbf-8d18-15a0a2b68f95,48,105,left,rule_based_agent
11,11,99,8,5,022c9b7d-1105-4dbf-8d18-15a0a2b68f95,49,105,left,rule_based_agent
11,11,98,7,5,022c9b7d-1105-4dbf-8d18-15a0a2b68f95,50,105,down,rule_based_agent
11,11,97,7,4,022c9b7d-1105-4dbf-8d18-15a0a2b68f95,51,105,right,rule_based_agent
11,11,96,8,4,022c9b7d-1105-4dbf-8d18-15a0a2b68f95,52,105,down,rule_based_agent
11,11,95,8,3,022c9b7d-1105-4dbf-8d18-15a0a2b68f95,53,105,down,rule_based_agent
11,11,94,8,2,022c9b7d-1105-4dbf-8d18-15a0a2b68f95,54,105,right,rule_based_agent
11,11,93,9,2,022c9b7d-1105-4dbf-8d18-15a0a2b68f95,55,105,down,rule_based_agent
11,11,92,9,1,022c9b7d-1105-4dbf-8d18-15a0a2b68f95,56,105,left,rule_based_agent
11,11,91,8,1,022c9b7d-1105-4dbf-8d18-15a0a2b68f95,57,105,left,rule_based_agent
11,11,100,7,1,022c9b7d-1105-4dbf-8d18-15a0a2b68f95,58,105,left,rule_based_agent
11,11,99,6,1,022c9b7d-1105-4dbf-8d18-15a0a2b68f95,59,105,up,rule_based_agent
11,11,98,6,2,022c9b7d-1105-4dbf-8d18-15a0a2b68f95,60,105,right,rule_based_agent
11,11,97,7,2,022c9b7d-1105-4dbf-8d18-15a0a2b68f95,61,105,up,rule_based_agent
11,11,96,7,3,022c9b7d-1105-4dbf-8d18-15a0a2b68f95,62,105,up,rule_based_agent
11,11,95,7,4,022c9b7d-1105-4dbf-8d18-15a0a2b68f95,63,105,up,rule_based_agent
11,11,94,7,5,022c9b7d-1105-4dbf-8d18-15a0a2b68f95,64,105,right,rule_based_agent
11,11,93,8,5,022c9b7d-1105-4dbf-8d18-15a0a2b68f95,65,105,up,rule_based_agent
11,11,92,8,6,022c9b7d-1105-4dbf-8d18-15a0a2b68f95,66,105,left,rule_based_agent
11,11,91,7,6,022c9b7d-1105-4dbf-8d18-15a0a2b68f95,67,105,left,rule_based_agent
11,11,90,6,6,022c9b7d-1105-4dbf-8d18-15a0a2b68f95,68,105,down,rule_based_agent
11,11,89,6,5,022c9b7d-1105-4dbf-8d18-15a0a2b68f95,69,105,down,rule_based_agent
11,11,88,6,4,022c9b7d-1105-4dbf-8d18-15a0a2b68f95,70,105,down,rule_based_agent
11,11,87,6,3,022c9b7d-1105-4dbf-8d18-15a0a2b68f95,71,105,down,rule_based_agent
11,11,86,6,2,022c9b7d-1105-4dbf-8d18-15a0a2b68f95,72,105,right,rule_based_agent
11,11,85,7,2,022c9b7d-1105-4dbf-8d18-15a0a2b68f95,73,105,right,rule_based_agent
11,11,84,8,2,022c9b7d-1105-4dbf-8d18-15a0a2b68f95,74,105,up,rule_based_agent
11,11,83,8,3,022c9b7d-1105-4dbf-8d18-15a0a2b68f95,75,105,left,rule_based_agent
11,11,82,7,3,022c9b7d-1105-4dbf-8d18-15a0a2b68f95,76,105,up,rule_based_agent
11,11,81,7,4,022c9b7d-1105-4dbf-8d18-15a0a2b68f95,77,105,right,rule_based_agent
11,11,80,8,4,022c9b7d-1105-4dbf-8d18-15a0a2b68f95,78,105,up,rule_based_agent
11,11,79,8,5,022c9b7d-1105-4dbf-8d18-15a0a2b68f95,79,105,right,rule_based_agent
11,11,78,9,5,022c9b7d-1105-4dbf-8d18-15a0a2b68f95,80,105,down,rule_based_agent
11,11,77,9,4,022c9b7d-1105-4dbf-8d18-15a0a2b68f95,81,105,right,rule_based_agent
11,11,76,10,4,022c9b7d-1105-4dbf-8d18-15a0a2b68f95,82,105,down,rule_based_agent
11,11,75,10,3,022c9b7d-1105-4dbf-8d18-15a0a2b68f95,83,105,down,rule_based_agent
11,11,100,10,2,022c9b7d-1105-4dbf-8d18-15a0a2b68f95,84,105,down,rule_based_agent
11,11,99,10,1,022c9b7d-1105-4dbf-8d18-15a0a2b68f95,85,105,down,rule_based_agent
11,11,98,10,0,022c9b7d-1105-4dbf-8d18-15a0a2b68f95,86,105,left,rule_based_agent
11,11,97,9,0,022c9b7d-1105-4dbf-8d18-15a0a2b68f95,87,105,up,rule_based_agent
11,11,96,9,1,022c9b7d-1105-4dbf-8d18-15a0a2b68f95,88,105,left,rule_based_agent
11,11,95,8,1,022c9b7d-1105-4dbf-8d18-15a0a2b68f95,89,105,left,rule_based_agent
11,11,94,7,1,022c9b7d-1105-4dbf-8d18-15a0a2b68f95,90,105,down,rule_based_agent
11,11,100,7,0,022c9b7d-1105-4dbf-8d18-15a0a2b68f95,91,105,left,rule_based_agent
11,11,100,6,0,022c9b7d-1105-4dbf-8d18-15a0a2b68f95,92,105,up,rule_based_agent
11,11,99,6,1,022c9b7d-1105-4dbf-8d18-15a0a2b68f95,93,105,up,rule_based_agent
11,11,98,6,2,022c9b7d-1105-4dbf-8d18-15a0a2b68f95,94,105,left,rule_based_agent
11,11,97,5,2,022c9b7d-1105-4dbf-8d18-15a0a2b68f95,95,105,up,rule_based_agent
11,11,96,5,3,022c9b7d-1105-4dbf-8d18-15a0a2b68f95,96,105,up,rule_based_agent
11,11,95,5,4,022c9b7d-1105-4dbf-8d18-15a0a2b68f95,97,105,up,rule_based_agent
11,11,100,5,5,022c9b7d-1105-4dbf-8d18-15a0a2b68f95,98,105,left,rule_based_agent
11,11,99,4,5,022c9b7d-1105-4dbf-8d18-15a0a2b68f95,99,105,up,rule_based_agent
11,11,98,4,6,022c9b7d-1105-4dbf-8d18-15a0a2b68f95,100,105,right,rule_based_agent
11,11,97,5,6,022c9b7d-1105-4dbf-8d18-15a0a2b68f95,101,105,up,rule_based_agent
11,11,96,5,7,022c9b7d-1105-4dbf-8d18-15a0a2b68f95,102,105,right,rule_based_agent
11,11,95,6,7,022c9b7d-1105-4dbf-8d18-15a0a2b68f95,103,105,down,rule_based_agent
11,11,94,6,6,022c9b7d-1105-4dbf-8d18-15a0a2b68f95,104,105,right,rule_based_agent
11,11,93,7,6,022c9b7d-1105-4dbf-8d18-15a0a2b68f95,105,105,up,rule_based_agent
11,11,92,7,7,022c9b7d-1105-4dbf-8d18-15a0a2b68f95,106,105,right,rule_based_agent
11,11,91,8,7,022c9b7d-1105-4dbf-8d18-15a0a2b68f95,107,105,right,rule_based_agent
11,11,90,9,7,022c9b7d-1105-4dbf-8d18-15a0a2b68f95,108,105,right,rule_based_agent
11,11,89,10,7,022c9b7d-1105-4dbf-8d18-15a0a2b68f95,109,105,down,rule_based_agent
11,11,88,10,6,022c9b7d-1105-4dbf-8d18-15a0a2b68f95,110,105,down,rule_based_agent
11,11,87,10,5,022c9b7d-1105-4dbf-8d18-15a0a2b68f95,111,105,down,rule_based_agent
11,11,86,10,4,022c9b7d-1105-4dbf-8d18-15a0a2b68f95,112,105,down,rule_based_agent
11,11,85,10,3,022c9b7d-1105-4dbf-8d18-15a0a2b68f95,113,105,down,rule_based_agent
11,11,84,10,2,022c9b7d-1105-4dbf-8d18-15a0a2b68f95,114,105,down,rule_based_agent
11,11,83,10,1,022c9b7d-1105-4dbf-8d18-15a0a2b68f95,115,105,left,rule_based_agent
11,11,82,9,1,022c9b7d-1105-4dbf-8d18-15a0a2b68f95,116,105,down,rule_based_agent
11,11,81,9,0,022c9b7d-1105-4dbf-8d18-15a0a2b68f95,117,105,left,rule_based_agent
11,11,100,8,0,022c9b7d-1105-4dbf-8d18-15a0a2b68f95,118,105,left,rule_based_agent
11,11,99,7,0,022c9b7d-1105-4dbf-8d18-15a0a2b68f95,119,105,left,rule_based_agent
11,11,98,6,0,022c9b7d-1105-4dbf-8d18-15a0a2b68f95,120,105,left,rule_based_agent
11,11,97,5,0,022c9b7d-1105-4dbf-8d18-15a0a2b68f95,121,105,up,rule_based_agent
11,11,96,5,1,022c9b7d-1105-4dbf-8d18-15a0a2b68f95,122,105,up,rule_based_agent
11,11,95,5,2,022c9b7d-1105-4dbf-8d18-15a0a2b68f95,123,105,left,rule_based_agent
11,11,100,4,2,022c9b7d-1105-4dbf-8d18-15a0a2b68f95,124,105,left,rule_based_agent
11,11,99,3,2,022c9b7d-1105-4dbf-8d18-15a0a2b68f95,125,105,down,rule_based_agent
11,11,100,3,1,022c9b7d-1105-4dbf-8d18-15a0a2b68f95,126,105,left,rule_based_agent
11,11,99,2,1,022c9b7d-1105-4dbf-8d18-15a0a2b68f95,127,105,left,rule_based_agent
11,11,98,1,1,022c9b7d-1105-4dbf-8d18-15a0a2b68f95,128,105,up,rule_based_agent
11,11,97,1,2,022c9b7d-1105-4dbf-8d18-15a0a2b68f95,129,105,up,rule_based_agent
11,11,96,1,3,022c9b7d-1105-4dbf-8d18-15a0a2b68f95,130,105,up,rule_based_agent
11,11,95,1,4,022c9b7d-1105-4dbf-8d18-15a0a2b68f95,131,105,left,rule_based_agent
11,11,94,0,4,022c9b7d-1105-4dbf-8d18-15a0a2b68f95,132,105,up,rule_based_agent
11,11,93,0,5,022c9b7d-1105-4dbf-8d18-15a0a2b68f95,133,105,right,rule_based_agent
11,11,92,1,5,022c9b7d-1105-4dbf-8d18-15a0a2b68f95,134,105,up,rule_based_agent
11,11,91,1,6,022c9b7d-1105-4dbf-8d18-15a0a2b68f95,135,105,right,rule_based_agent
11,11,90,2,6,022c9b7d-1105-4dbf-8d18-15a0a2b68f95,136,105,up,rule_based_agent
11,11,89,2,7,022c9b7d-1105-4dbf-8d18-15a0a2b68f95,137,105,up,rule_based_agent
11,11,100,2,8,022c9b7d-1105-4dbf-8d18-15a0a2b68f95,138,105,right,rule_based_agent
11,11,99,3,8,022c9b7d-1105-4dbf-8d18-15a0a2b68f95,139,105,up,rule_based_agent
11,11,98,3,9,022c9b7d-1105-4dbf-8d18-15a0a2b68f95,140,105,right,rule_based_agent
11,11,97,4,9,022c9b7d-1105-4dbf-8d18-15a0a2b68f95,141,105,up,rule_based_agent
11,11,96,4,10,022c9b7d-1105-4dbf-8d18-15a0a2b68f95,142,105,right,rule_based_agent
11,11,95,5,10,022c9b7d-1105-4dbf-8d18-15a0a2b68f95,143,105,down,rule_based_agent
11,11,94,5,9,022c9b7d-1105-4dbf-8d18-15a0a2b68f95,144,105,right,rule_based_agent
11,11,93,6,9,022c9b7d-1105-4dbf-8d18-15a0a2b68f95,145,105,right,rule_based_agent
11,11,92,7,9,022c9b7d-1105-4dbf-8d18-15a0a2b68f95,146,105,down,rule_based_agent
11,11,100,7,8,022c9b7d-1105-4dbf-8d18-15a0a2b68f95,147,105,left,rule_based_agent
11,11,99,6,8,022c9b7d-1105-4dbf-8d18-15a0a2b68f95,148,105,left,rule_based_agent
11,11,98,5,8,022c9b7d-1105-4dbf-8d18-15a0a2b68f95,149,105,left,rule_based_agent
11,11,100,4,8,022c9b7d-1105-4dbf-8d18-15a0a2b68f95,150,105,down,rule_based_agent
11,11,99,4,7,022c9b7d-1105-4dbf-8d18-15a0a2b68f95,151,105,left,rule_based_agent
11,11,100,3,7,022c9b7d-1105-4dbf-8d18-15a0a2b68f95,152,105,down,rule_based_agent
11,11,99,3,6,022c9b7d-1105-4dbf-8d18-15a0a2b68f95,153,105,down,rule_based_agent
11,11,100,3,5,022c9b7d-1105-4dbf-8d18-15a0a2b68f95,154,105,right,rule_based_agent
11,11,99,4,5,022c9b7d-1105-4dbf-8d18-15a0a2b68f95,155,105,up,rule_based_agent
11,11,98,4,6,022c9b7d-1105-4dbf-8d18-15a0a2b68f95,156,105,right,rule_based_agent
11,11,97,5,6,022c9b7d-1105-4dbf-8d18-15a0a2b68f95,157,105,down,rule_based_agent
11,11,96,5,5,022c9b7d-1105-4dbf-8d18-15a0a2b68f95,158,105,down,rule_based_agent
11,11,95,5,4,022c9b7d-1105-4dbf-8d18-15a0a2b68f95,159,105,down,rule_based_agent
11,11,94,5,3,022c9b7d-1105-4dbf-8d18-15a0a2b68f95,160,105,right,rule_based_agent
11,11,93,6,3,022c9b7d-1105-4dbf-8d18-15a0a2b68f95,161,105,up,rule_based_agent
11,11,92,6,4,022c9b7d-1105-4dbf-8d18-15a0a2b68f95,162,105,up,rule_based_agent
11,11,91,6,5,022c9b7d-1105-4dbf-8d18-15a0a2b68f95,163,105,up,rule_based_agent
11,11,90,6,6,022c9b7d-1105-4dbf-8d18-15a0a2b68f95,164,105,right,rule_based_agent
11,11,89,7,6,022c9b7d-1105-4dbf-8d18-15a0a2b68f95,165,105,up,rule_based_agent
11,11,88,7,7,022c9b7d-1105-4dbf-8d18-15a0a2b68f95,166,105,right,rule_based_agent
11,11,87,8,7,022c9b7d-1105-4dbf-8d18-15a0a2b68f95,167,105,right,rule_based_agent
11,11,86,9,7,022c9b7d-1105-4dbf-8d18-15a0a2b68f95,168,105,right,rule_based_agent
11,11,85,10,7,022c9b7d-1105-4dbf-8d18-15a0a2b68f95,169,105,up,rule_based_agent
11,11,84,10,8,022c9b7d-1105-4dbf-8d18-15a0a2b68f95,170,105,left,rule_based_agent
11,11,83,9,8,022c9b7d-1105-4dbf-8d18-15a0a2b68f95,171,105,up,rule_based_agent
11,11,82,9,9,022c9b7d-1105-4dbf-8d18-15a0a2b68f95,172,105,right,rule_based_agent
11,11,81,10,9,022c9b7d-1105-4dbf-8d18-15a0a2b68f95,173,105,up,rule_based_agent
11,11,80,10,10,022c9b7d-1105-4dbf-8d18-15a0a2b68f95,174,105,left,rule_based_agent
11,11,79,9,10,022c9b7d-1105-4dbf-8d18-15a0a2b68f95,175,105,left,rule_based_agent
11,11,78,8,10,022c9b7d-1105-4dbf-8d18-15a0a2b68f95,176,105,left,rule_based_agent
11,11,77,7,10,022c9b7d-1105-4dbf-8d18-15a0a2b68f95,177,105,down,rule_based_agent
11,11,76,7,9,022c9b7d-1105-4dbf-8d18-15a0a2b68f95,178,105,right,rule_based_agent
11,11,75,8,9,022c9b7d-1105-4dbf-8d18-15a0a2b68f95,179,105,down,rule_based_agent
11,11,74,8,8,022c9b7d-1105-4dbf-8d18-15a0a2b68f95,180,105,left,rule_based_agent
11,11,73,7,8,022c9b7d-1105-4dbf-8d18-15a0a2b68f95,181,105,left,rule_based_agent
11,11,72,6,8,022c9b7d-1105-4dbf-8d18-15a0a2b68f95,182,105,left,rule_based_agent
11,11,71,5,8,022c9b7d-1105-4dbf-8d18-15a0a2b68f95,183,105,up,rule_based_agent
11,11,100,5,9,022c9b7d-1105-4dbf-8d18-15a0a2b68f95,184,105,right,rule_based_agent
11,11,99,6,9,022c9b7d-1105-4dbf-8d18-15a0a2b68f95,185,105,up,rule_based_agent
11,11,98,6,10,022c9b7d-1105-4dbf-8d18-15a0a2b68f95,186,105,left,rule_based_agent
11,11,97,5,10,022c9b7d-1105-4dbf-8d18-15a0a2b68f95,187,105,left,rule_based_agent
11,11,96,4,10,022c9b7d-1105-4dbf-8d18-15a0a2b68f95,188,105,down,rule_based_agent
11,11,95,4,9,022c9b7d-1105-4dbf-8d18-15a0a2b68f95,189,105,left,rule_based_agent
11,11,94,3,9,022c9b7d-1105-4dbf-8d18-15a0a2b68f95,190,105,down,rule_based_agent
11,11,93,3,8,022c9b7d-1105-4dbf-8d18-15a0a2b68f95,191,105,left,rule_based_agent
11,11,92,2,8,022c9b7d-1105-4dbf-8d18-15a0a2b68f95,192,105,left,rule_based_agent
11,11,91,1,8,022c9b7d-1105-4dbf-8d18-15a0a2b68f95,193,105,down,rule_based_agent
11,11,90,1,7,022c9b7d-1105-4dbf-8d18-15a0a2b68f95,194,105,left,rule_based_agent
11,11,89,0,7,022c9b7d-1105-4dbf-8d18-15a0a2b68f95,195,105,down,rule_based_agent
11,11,88,0,6,022c9b7d-1105-4dbf-8d18-15a0a2b68f95,196,105,right,rule_based_agent
11,11,87,1,6,022c9b7d-1105-4dbf-8d18-15a0a2b68f95,197,105,down,rule_based_agent
11,11,86,1,5,022c9b7d-1105-4dbf-8d18-15a0a2b68f95,198,105,left,rule_based_agent
11,11,85,0,5,022c9b7d-1105-4dbf-8d18-15a0a2b68f95,199,105,down,rule_based_agent
11,11,84,0,4,022c9b7d-1105-4dbf-8d18-15a0a2b68f95,200,105,right,rule_based_agent
11,11,83,1,4,022c9b7d-1105-4dbf-8d18-15a0a2b68f95,201,105,down,rule_based_agent
11,11,82,1,3,022c9b7d-1105-4dbf-8d18-15a0a2b68f95,202,105,left,rule_based_agent
11,11,81,0,3,022c9b7d-1105-4dbf-8d18-15a0a2b68f95,203,105,down,rule_based_agent
11,11,80,0,2,022c9b7d-1105-4dbf-8d18-15a0a2b68f95,204,105,right,rule_based_agent
11,11,79,1,2,022c9b7d-1105-4dbf-8d18-15a0a2b68f95,205,105,right,rule_based_agent
11,11,100,2,2,022c9b7d-1105-4dbf-8d18-15a0a2b68f95,206,105,up,rule_based_agent
11,11,99,2,3,022c9b7d-1105-4dbf-8d18-15a0a2b68f95,207,105,right,rule_based_agent
11,11,98,3,3,022c9b7d-1105-4dbf-8d18-15a0a2b68f95,208,105,up,rule_based_agent
11,11,97,3,4,022c9b7d-1105-4dbf-8d18-15a0a2b68f95,209,105,left,rule_based_agent
11,11,96,2,4,022c9b7d-1105-4dbf-8d18-15a0a2b68f95,210,105,up,rule_based_agent
11,11,100,2,5,022c9b7d-1105-4dbf-8d18-15a0a2b68f95,211,105,right,rule_based_agent
11,11,99,3,5,022c9b7d-1105-4dbf-8d18-15a0a2b68f95,212,105,right,rule_based_agent
11,11,98,4,5,022c9b7d-1105-4dbf-8d18-15a0a2b68f95,213,105,down,rule_based_agent
11,11,97,4,4,022c9b7d-1105-4dbf-8d18-15a0a2b68f95,214,105,right,rule_based_agent
11,11,96,5,4,022c9b7d-1105-4dbf-8d18-15a0a2b68f95,215,105,right,rule_based_agent
11,11,95,6,4,022c9b7d-1105-4dbf-8d18-15a0a2b68f95,216,105,down,rule_based_agent
11,11,94,6,3,022c9b7d-1105-4dbf-8d18-15a0a2b68f95,217,105,left,rule_based_agent
11,11,93,5,3,022c9b7d-1105-4dbf-8d18-15a0a2b68f95,218,105,down,rule_based_agent
11,11,92,5,2,022c9b7d-1105-4dbf-8d18-15a0a2b68f95,219,105,right,rule_based_agent
11,11,91,6,2,022c9b7d-1105-4dbf-8d18-15a0a2b68f95,220,105,down,rule_based_agent
11,11,90,6,1,022c9b7d-1105-4dbf-8d18-15a0a2b68f95,221,105,down,rule_based_agent
11,11,89,6,0,022c9b7d-1105-4dbf-8d18-15a0a2b68f95,222,105,left,rule_based_agent
11,11,88,5,0,022c9b7d-1105-4dbf-8d18-15a0a2b68f95,223,105,left,rule_based_agent
11,11,100,4,0,022c9b7d-1105-4dbf-8d18-15a0a2b68f95,224,105,left,rule_based_agent
11,11,99,3,0,022c9b7d-1105-4dbf-8d18-15a0a2b68f95,225,105,left,rule_based_agent
11,11,98,2,0,022c9b7d-1105-4dbf-8d18-15a0a2b68f95,226,105,left,rule_based_agent
11,11,97,1,0,022c9b7d-1105-4dbf-8d18-15a0a2b68f95,227,105,left,rule_based_agent
11,11,100,0,0,022c9b7d-1105-4dbf-8d18-15a0a2b68f95,228,105,up,rule_based_agent
11,11,99,0,1,022c9b7d-1105-4dbf-8d18-15a0a2b68f95,229,105,right,rule_based_agent
11,11,100,1,1,022c9b7d-1105-4dbf-8d18-15a0a2b68f95,230,105,right,rule_based_agent
11,11,99,2,1,022c9b7d-1105-4dbf-8d18-15a0a2b68f95,231,105,right,rule_based_agent
11,11,98,3,1,022c9b7d-1105-4dbf-8d18-15a0a2b68f95,232,105,up,rule_based_agent
11,11,100,3,2,022c9b7d-1105-4dbf-8d18-15a0a2b68f95,233,105,right,rule_based_agent
11,11,99,4,2,022c9b7d-1105-4dbf-8d18-15a0a2b68f95,234,105,down,rule_based_agent
11,11,98,4,1,022c9b7d-1105-4dbf-8d18-15a0a2b68f95,235,105,right,rule_based_agent
11,11,100,9,9,1b756d34-4ab6-4e56-bd16-0381a3e02f89,0,106,right,rule_based_agent
11,11,99,10,9,1b756d34-4ab6-4e56-bd16-0381a3e02f89,1,106,up,rule_based_agent
11,11,98,10,10,1b756d34-4ab6-4e56-bd16-0381a3e02f89,2,106,left,rule_based_agent
11,11,97,9,10,1b756d34-4ab6-4e56-bd16-0381a3e02f89,3,106,down,rule_based_agent
11,11,96,9,9,1b756d34-4ab6-4e56-bd16-0381a3e02f89,4,106,left,rule_based_agent
11,11,95,8,9,1b756d34-4ab6-4e56-bd16-0381a3e02f89,5,106,up,rule_based_agent
11,11,100,8,10,1b756d34-4ab6-4e56-bd16-0381a3e02f89,6,106,left,rule_based_agent
11,11,99,7,10,1b756d34-4ab6-4e56-bd16-0381a3e02f89,7,106,left,rule_based_agent
11,11,98,6,10,1b756d34-4ab6-4e56-bd16-0381a3e02f89,8,106,left,rule_based_agent
11,11,97,5,10,1b756d34-4ab6-4e56-bd16-0381a3e02f89,9,106,left,rule_based_agent
11,11,96,4,10,1b756d34-4ab6-4e56-bd16-0381a3e02f89,10,106,left,rule_based_agent
11,11,95,3,10,1b756d34-4ab6-4e56-bd16-0381a3e02f89,11,106,left,rule_based_agent
11,11,94,2,10,1b756d34-4ab6-4e56-bd16-0381a3e02f89,12,106,down,rule_based_agent
11,11,93,2,9,1b756d34-4ab6-4e56-bd16-0381a3e02f89,13,106,right,rule_based_agent
11,11,92,3,9,1b756d34-4ab6-4e56-bd16-0381a3e02f89,14,106,right,rule_based_agent
11,11,91,4,9,1b756d34-4ab6-4e56-bd16-0381a3e02f89,15,106,down,rule_based_agent
11,11,90,4,8,1b756d34-4ab6-4e56-bd16-0381a3e02f89,16,106,right,rule_based_agent
11,11,89,5,8,1b756d34-4ab6-4e56-bd16-0381a3e02f89,17,106,down,rule_based_agent
11,11,88,5,7,1b756d34-4ab6-4e56-bd16-0381a3e02f89,18,106,right,rule_based_agent
11,11,87,6,7,1b756d34-4ab6-4e56-bd16-0381a3e02f89,19,106,up,rule_based_agent
11,11,86,6,8,1b756d34-4ab6-4e56-bd16-0381a3e02f89,20,106,up,rule_based_agent
11,11,85,6,9,1b756d34-4ab6-4e56-bd16-0381a3e02f89,21,106,left,rule_based_agent
11,11,84,5,9,1b756d34-4ab6-4e56-bd16-0381a3e02f89,22,106,down,rule_based_agent
11,11,83,5,8,1b756d34-4ab6-4e56-bd16-0381a3e02f89,23,106,left,rule_based_agent
11,11,82,4,8,1b756d34-4ab6-4e56-bd16-0381a3e02f89,24,106,down,rule_based_agent
11,11,81,4,7,1b756d34-4ab6-4e56-bd16-0381a3e02f89,25,106,down,rule_based_agent
11,11,80,4,6,1b756d34-4ab6-4e56-bd16-0381a3e02f89,26,106,left,rule_based_agent
11,11,100,3,6,1b756d34-4ab6-4e56-bd16-0381a3e02f89,27,106,down,rule_based_agent
11,11,99,3,5,1b756d34-4ab6-4e56-bd16-0381a3e02f89,28,106,left,rule_based_agent
11,11,98,2,5,1b756d34-4ab6-4e56-bd16-0381a3e02f89,29,106,up,rule_based_agent
11,11,97,2,6,1b756d34-4ab6-4e56-bd16-0381a3e02f89,30,106,up,rule_based_agent
11,11,96,2,7,1b756d34-4ab6-4e56-bd16-0381a3e02f89,31,106,left,rule_based_agent
11,11,95,1,7,1b756d34-4ab6-4e56-bd16-0381a3e02f89,32,106,up,rule_based_agent
11,11,94,1,8,1b756d34-4ab6-4e56-bd16-0381a3e02f89,33,106,up,rule_based_agent
11,11,93,1,9,1b756d34-4ab6-4e56-bd16-0381a3e02f89,34,106,up,rule_based_agent
11,11,92,1,10,1b756d34-4ab6-4e56-bd16-0381a3e02f89,35,106,right,rule_based_agent
11,11,91,2,10,1b756d34-4ab6-4e56-bd16-0381a3e02f89,36,106,down,rule_based_agent
11,11,90,2,9,1b756d34-4ab6-4e56-bd16-0381a3e02f89,37,106,down,rule_based_agent
11,11,89,2,8,1b756d34-4ab6-4e56-bd16-0381a3e02f89,38,106,right,rule_based_agent
11,11,88,3,8,1b756d34-4ab6-4e56-bd16-0381a3e02f89,39,106,down,rule_based_agent
11,11,87,3,7,1b756d34-4ab6-4e56-bd16-0381a3e02f89,40,106,left,rule_based_agent
11,11,86,2,7,1b756d34-4ab6-4e56-bd16-0381a3e02f89,41,106,left,rule_based_agent
11,11,85,1,7,1b756d34-4ab6-4e56-bd16-0381a3e02f89,42,106,left,rule_based_agent
11,11,84,0,7,1b756d34-4ab6-4e56-bd16-0381a3e02f89,43,106,down,rule_based_agent
11,11,83,0,6,1b756d34-4ab6-4e56-bd16-0381a3e02f89,44,106,right,rule_based_agent
11,11,82,1,6,1b756d34-4ab6-4e56-bd16-0381a3e02f89,45,106,right,rule_based_agent
11,11,81,2,6,1b756d34-4ab6-4e56-bd16-0381a3e02f89,46,106,down,rule_based_agent
11,11,80,2,5,1b756d34-4ab6-4e56-bd16-0381a3e02f89,47,106,down,rule_based_agent
11,11,79,2,4,1b756d34-4ab6-4e56-bd16-0381a3e02f89,48,106,down,rule_based_agent
11,11,78,2,3,1b756d34-4ab6-4e56-bd16-0381a3e02f89,49,106,down,rule_based_agent
11,11,77,2,2,1b756d34-4ab6-4e56-bd16-0381a3e02f89,50,106,left,rule_based_agent
11,11,76,1,2,1b756d34-4ab6-4e56-bd16-0381a3e02f89,51,106,up,rule_based_agent
11,11,100,1,3,1b756d34-4ab6-4e56-bd16-0381a3e02f89,52,106,up,rule_based_agent
11,11,99,1,4,1b756d34-4ab6-4e56-bd16-0381a3e02f89,53,106,up,rule_based_agent
11,11,98,1,5,1b756d34-4ab6-4e56-bd16-0381a3e02f89,54,106,up,rule_based_agent
11,11,97,1,6,1b756d34-4ab6-4e56-bd16-0381a3e02f89,55,106,left,rule_based_agent
11,11,96,0,6,1b756d34-4ab6-4e56-bd16-0381a3e02f89,56,106,up,rule_based_agent
11,11,95,0,7,1b756d34-4ab6-4e56-bd16-0381a3e02f89,57,106,up,rule_based_agent
11,11,94,0,8,1b756d34-4ab6-4e56-bd16-0381a3e02f89,58,106,right,rule_based_agent
11,11,93,1,8,1b756d34-4ab6-4e56-bd16-0381a3e02f89,59,106,down,rule_based_agent
11,11,92,1,7,1b756d34-4ab6-4e56-bd16-0381a3e02f89,60,106,right,rule_based_agent
11,11,91,2,7,1b756d34-4ab6-4e56-bd16-0381a3e02f89,61,106,right,rule_based_agent
11,11,90,3,7,1b756d34-4ab6-4e56-bd16-0381a3e02f89,62,106,right,rule_based_agent
11,11,89,4,7,1b756d34-4ab6-4e56-bd16-0381a3e02f89,63,106,down,rule_based_agent
11,11,88,4,6,1b756d34-4ab6-4e56-bd16-0381a3e02f89,64,106,right,rule_based_agent
11,11,87,5,6,1b756d34-4ab6-4e56-bd16-0381a3e02f89,65,106,down,rule_based_agent
11,11,100,5,5,1b756d34-4ab6-4e56-bd16-0381a3e02f89,66,106,right,rule_based_agent
11,11,99,6,5,1b756d34-4ab6-4e56-bd16-0381a3e02f89,67,106,down,rule_based_agent
11,11,98,6,4,1b756d34-4ab6-4e56-bd16-0381a3e02f89,68,106,down,rule_based_agent
11,11,97,6,3,1b756d34-4ab6-4e56-bd16-0381a3e02f89,69,106,right,rule_based_agent
11,11,96,7,3,1b756d34-4ab6-4e56-bd16-0381a3e02f89,70,106,down,rule_based_agent
11,11,95,7,2,1b756d34-4ab6-4e56-bd16-0381a3e02f89,71,106,down,rule_based_agent
11,11,94,7,1,1b756d34-4ab6-4e56-bd16-0381a3e02f89,72,106,right,rule_based_agent
11,11,93,8,1,1b756d34-4ab6-4e56-bd16-0381a3e02f89,73,106,right,rule_based_agent
11,11,92,9,1,1b756d34-4ab6-4e56-bd16-0381a3e02f89,74,106,down,rule_based_agent
11,11,91,9,0,1b756d34-4ab6-4e56-bd16-0381a3e02f89,75,106,right,rule_based_agent
11,11,90,10,0,1b756d34-4ab6-4e56-bd16-0381a3e02f89,76,106,up,rule_based_agent
11,11,89,10,1,1b756d34-4ab6-4e56-bd16-0381a3e02f89,77,106,up,rule_based_agent
11,11,88,10,2,1b756d34-4ab6-4e56-bd16-0381a3e02f89,78,106,up,rule_based_agent
11,11,87,10,3,1b756d34-4ab6-4e56-bd16-0381a3e02f89,79,106,up,rule_based_agent
11,11,100,10,4,1b756d34-4ab6-4e56-bd16-0381a3e02f89,80,106,left,rule_based_agent
11,11,99,9,4,1b756d34-4ab6-4e56-bd16-0381a3e02f89,81,106,left,rule_based_agent
11,11,98,8,4,1b756d34-4ab6-4e56-bd16-0381a3e02f89,82,106,left,rule_based_agent
11,11,97,7,4,1b756d34-4ab6-4e56-bd16-0381a3e02f89,83,106,up,rule_based_agent
11,11,100,7,5,1b756d34-4ab6-4e56-bd16-0381a3e02f89,84,106,right,rule_based_agent
11,11,99,8,5,1b756d34-4ab6-4e56-bd16-0381a3e02f89,85,106,up,rule_based_agent
11,11,100,8,6,1b756d34-4ab6-4e56-bd16-0381a3e02f89,86,106,right,rule_based_agent
11,11,99,9,6,1b756d34-4ab6-4e56-bd16-0381a3e02f89,87,106,right,rule_based_agent
11,11,98,10,6,1b756d34-4ab6-4e56-bd16-0381a3e02f89,88,106,down,rule_based_agent
11,11,97,10,5,1b756d34-4ab6-4e56-bd16-0381a3e02f89,89,106,left,rule_based_agent
11,11,100,1,1,ed327be2-bbdb-40a7-9283-006bd5e800f3,0,107,down,rule_based_agent
11,11,99,1,0,ed327be2-bbdb-40a7-9283-006bd5e800f3,1,107,right,rule_based_agent
11,11,100,2,0,ed327be2-bbdb-40a7-9283-006bd5e800f3,2,107,right,rule_based_agent
11,11,99,3,0,ed327be2-bbdb-40a7-9283-006bd5e800f3,3,107,right,rule_based_agent
11,11,98,4,0,ed327be2-bbdb-40a7-9283-006bd5e800f3,4,107,up,rule_based_agent
11,11,97,4,1,ed327be2-bbdb-40a7-9283-006bd5e800f3,5,107,left,rule_based_agent
11,11,96,3,1,ed327be2-bbdb-40a7-9283-006bd5e800f3,6,107,up,rule_based_agent
11,11,95,3,2,ed327be2-bbdb-40a7-9283-006bd5e800f3,7,107,left,rule_based_agent
11,11,94,2,2,ed327be2-bbdb-40a7-9283-006bd5e800f3,8,107,down,rule_based_agent
11,11,93,2,1,ed327be2-bbdb-40a7-9283-006bd5e800f3,9,107,down,rule_based_agent
11,11,100,2,0,ed327be2-bbdb-40a7-9283-006bd5e800f3,10,107,right,rule_based_agent
11,11,99,3,0,ed327be2-bbdb-40a7-9283-006bd5e800f3,11,107,right,rule_based_agent
11,11,98,4,0,ed327be2-bbdb-40a7-9283-006bd5e800f3,12,107,up,rule_based_agent
11,11,97,4,1,ed327be2-bbdb-40a7-9283-006bd5e800f3,13,107,up,rule_based_agent
11,11,96,4,2,ed327be2-bbdb-40a7-9283-006bd5e800f3,14,107,right,rule_based_agent
11,11,95,5,2,ed327be2-bbdb-40a7-9283-006bd5e800f3,15,107,up,rule_based_agent
11,11,94,5,3,ed327be2-bbdb-40a7-9283-006bd5e800f3,16,107,up,rule_based_agent
11,11,93,5,4,ed327be2-bbdb-40a7-9283-006bd5e800f3,17,107,right,rule_based_agent
11,11,92,6,4,ed327be2-bbdb-40a7-9283-006bd5e800f3,18,107,right,rule_based_agent
11,11,91,7,4,ed327be2-bbdb-40a7-9283-006bd5e800f3,19,107,up,rule_based_agent
11,11,90,7,5,ed327be2-bbdb-40a7-9283-006bd5e800f3,20,107,up,rule_based_agent
11,11,89,7,6,ed327be2-bbdb-40a7-9283-006bd5e800f3,21,107,left,rule_based_agent
11,11,88,6,6,ed327be2-bbdb-40a7-9283-006bd5e800f3,22,107,up,rule_based_agent
11,11,87,6,7,ed327be2-bbdb-40a7-9283-006bd5e800f3,23,107,up,rule_based_agent
11,11,86,6,8,ed327be2-bbdb-40a7-9283-006bd5e800f3,24,107,up,rule_based_agent
11,11,85,6,9,ed327be2-bbdb-40a7-9283-006bd5e800f3,25,107,up,rule_based_agent
11,11,84,6,10,ed327be2-bbdb-40a7-9283-006bd5e800f3,26,107,right,rule_based_agent
11,11,83,7,10,ed327be2-bbdb-40a7-9283-006bd5e800f3,27,107,down,rule_based_agent
11,11,82,7,9,ed327be2-bbdb-40a7-9283-006bd5e800f3,28,107,down,rule_based_agent
11,11,81,7,8,ed327be2-bbdb-40a7-9283-006bd5e800f3,29,107,left,rule_based_agent
11,11,80,6,8,ed327be2-bbdb-40a7-9283-006bd5e800f3,30,107,down,rule_based_agent
11,11,79,6,7,ed327be2-bbdb-40a7-9283-006bd5e800f3,31,107,down,rule_based_agent
11,11,78,6,6,ed327be2-bbdb-40a7-9283-006bd5e800f3,32,107,down,rule_based_agent
11,11,77,6,5,ed327be2-bbdb-40a7-9283-006bd5e800f3,33,107,left,rule_based_agent
11,11,100,5,5,ed327be2-bbdb-40a7-9283-006bd5e800f3,34,107,down,rule_based_agent
11,11,99,5,4,ed327be2-bbdb-40a7-9283-006bd5e800f3,35,107,left,rule_based_agent
11,11,98,4,4,ed327be2-bbdb-40a7-9283-006bd5e800f3,36,107,up,rule_based_agent
11,11,97,4,5,ed327be2-bbdb-40a7-9283-006bd5e800f3,37,107,up,rule_based_agent
11,11,96,4,6,ed327be2-bbdb-40a7-9283-006bd5e800f3,38,107,right,rule_based_agent
11,11,95,5,6,ed327be2-bbdb-40a7-9283-006bd5e800f3,39,107,right,rule_based_agent
11,11,94,6,6,ed327be2-bbdb-40a7-9283-006bd5e800f3,40,107,down,rule_based_agent
11,11,93,6,5,ed327be2-bbdb-40a7-9283-006bd5e800f3,41,107,left,rule_based_agent
11,11,92,5,5,ed327be2-bbdb-40a7-9283-006bd5e800f3,42,107,down,rule_based_agent
11,11,91,5,4,ed327be2-bbdb-40a7-9283-006bd5e800f3,43,107,down,rule_based_agent
11,11,90,5,3,ed327be2-bbdb-40a7-9283-006bd5e800f3,44,107,left,rule_based_agent
11,11,89,4,3,ed327be2-bbdb-40a7-9283-006bd5e800f3,45,107,left,rule_based_agent
11,11,88,3,3,ed327be2-bbdb-40a7-9283-006bd5e800f3,46,107,left,rule_based_agent
11,11,87,2,3,ed327be2-bbdb-40a7-9283-006bd5e800f3,47,107,down,rule_based_agent
11,11,86,2,2,ed327be2-bbdb-40a7-9283-006bd5e800f3,48,107,down,rule_based_agent
11,11,85,2,1,ed327be2-bbdb-40a7-9283-006bd5e800f3,49,107,down,rule_based_agent
11,11,84,2,0,ed327be2-bbdb-40a7-9283-006bd5e800f3,50,107,left,rule_based_agent
11,11,83,1,0,ed327be2-bbdb-40a7-9283-006bd5e800f3,51,107,up,rule_based_agent
11,11,82,1,1,ed327be2-bbdb-40a7-9283-006bd5e800f3,52,107,left,rule_based_agent
11,11,81,0,1,ed327be2-bbdb-40a7-9283-006bd5e800f3,53,107,up,rule_based_agent
11,11,80,0,2,ed327be2-bbdb-40a7-9283-006bd5e800f3,54,107,up,rule_based_agent
11,11,79,0,3,ed327be2-bbdb-40a7-9283-006bd5e800f3,55,107,right,rule_based_agent
11,11,100,1,3,ed327be2-bbdb-40a7-9283-006bd5e800f3,56,107,down,rule_based_agent
11,11,100,1,2,ed327be2-bbdb-40a7-9283-006bd5e800f3,57,107,right,rule_based_agent
11,11,99,2,2,ed327be2-bbdb-40a7-9283-006bd5e800f3,58,107,right,rule_based_agent
11,11,100,3,2,ed327be2-bbdb-40a7-9283-006bd5e800f3,59,107,right,rule_based_agent
11,11,99,4,2,ed327be2-bbdb-40a7-9283-006bd5e800f3,60,107,down,rule_based_agent
11,11,98,4,1,ed327be2-bbdb-40a7-9283-006bd5e800f3,61,107,left,rule_based_agent
11,11,97,3,1,ed327be2-bbdb-40a7-9283-006bd5e800f3,62,107,down,rule_based_agent
11,11,96,3,0,ed327be2-bbdb-40a7-9283-006bd5e800f3,63,107,right,rule_based_agent
11,11,95,4,0,ed327be2-bbdb-40a7-9283-006bd5e800f3,64,107,right,rule_based_agent
11,11,94,5,0,ed327be2-bbdb-40a7-9283-006bd5e800f3,65,107,right,rule_based_agent
11,11,93,6,0,ed327be2-bbdb-40a7-9283-006bd5e800f3,66,107,right,rule_based_agent
11,11,92,7,0,ed327be2-bbdb-40a7-9283-006bd5e800f3,67,107,up,rule_based_agent
11,11,91,7,1,ed327be2-bbdb-40a7-9283-006bd5e800f3,68,107,right,rule_based_agent
11,11,90,8,1,ed327be2-bbdb-40a7-9283-006bd5e800f3,69,107,right,rule_based_agent
11,11,89,9,1,ed327be2-bbdb-40a7-9283-006bd5e800f3,70,107,down,rule_based_agent
11,11,88,9,0,ed327be2-bbdb-40a7-9283-006bd5e800f3,71,107,right,rule_based_agent
11,11,87,10,0,ed327be2-bbdb-40a7-9283-006bd5e800f3,72,107,up,rule_based_agent
11,11,86,10,1,ed327be2-bbdb-40a7-9283-006bd5e800f3,73,107,up,rule_based_agent
11,11,85,10,2,ed327be2-bbdb-40a7-9283-006bd5e800f3,74,107,left,rule_based_agent
11,11,100,9,2,ed327be2-bbdb-40a7-9283-006bd5e800f3,75,107,left,rule_based_agent
11,11,99,8,2,ed327be2-bbdb-40a7-9283-006bd5e800f3,76,107,left,rule_based_agent
11,11,100,7,2,ed327be2-bbdb-40a7-9283-006bd5e800f3,77,107,left,rule_based_agent
11,11,99,6,2,ed327be2-bbdb-40a7-9283-006bd5e800f3,78,107,down,rule_based_agent
11,11,100,6,1,ed327be2-bbdb-40a7-9283-006bd5e800f3,79,107,right,rule_based_agent
11,11,99,7,1,ed327be2-bbdb-40a7-9283-006bd5e800f3,80,107,down,rule_based_agent
11,11,98,7,0,ed327be2-bbdb-40a7-9283-006bd5e800f3,81,107,left,rule_based_agent
11,11,97,6,0,ed327be2-bbdb-40a7-9283-006bd5e800f3,82,107,left,rule_based_agent
11,11,96,5,0,ed327be2-bbdb-40a7-9283-006bd5e800f3,83,107,left,rule_based_agent
11,11,95,4,0,ed327be2-bbdb-40a7-9283-006bd5e800f3,84,107,left,rule_based_agent
11,11,94,3,0,ed327be2-bbdb-40a7-9283-006bd5e800f3,85,107,up,rule_based_agent
11,11,93,3,1,ed327be2-bbdb-40a7-9283-006bd5e800f3,86,107,left,rule_based_agent
11,11,92,2,1,ed327be2-bbdb-40a7-9283-006bd5e800f3,87,107,left,rule_based_agent
11,11,91,1,1,ed327be2-bbdb-40a7-9283-006bd5e800f3,88,107,down,rule_based_agent
11,11,90,1,0,ed327be2-bbdb-40a7-9283-006bd5e800f3,89,107,right,rule_based_agent
11,11,100,5,1,2129913a-1e69-487e-8638-adfbd5aa44d5,0,108,down,rule_based_agent
11,11,99,5,0,2129913a-1e69-487e-8638-adfbd5aa44d5,1,108,left,rule_based_agent
11,11,98,4,0,2129913a-1e69-487e-8638-adfbd5aa44d5,2,108,left,rule_based_agent
11,11,97,3,0,2129913a-1e69-487e-8638-adfbd5aa44d5,3,108,left,rule_based_agent
11,11,96,2,0,2129913a-1e69-487e-8638-adfbd5aa44d5,4,108,left,rule_based_agent
11,11,95,1,0,2129913a-1e69-487e-8638-adfbd5aa44d5,5,108,up,rule_based_agent
11,11,94,1,1,2129913a-1e69-487e-8638-adfbd5aa44d5,6,108,up,rule_based_agent
11,11,93,1,2,2129913a-1e69-487e-8638-adfbd5aa44d5,7,108,left,rule_based_agent
11,11,92,0,2,2129913a-1e69-487e-8638-adfbd5aa44d5,8,108,up,rule_based_agent
11,11,91,0,3,2129913a-1e69-487e-8638-adfbd5aa44d5,9,108,up,rule_based_agent
11,11,90,0,4,2129913a-1e69-487e-8638-adfbd5aa44d5,10,108,up,rule_based_agent
11,11,89,0,5,2129913a-1e69-487e-8638-adfbd5aa44d5,11,108,right,rule_based_agent
11,11,88,1,5,2129913a-1e69-487e-8638-adfbd5aa44d5,12,108,up,rule_based_agent
11,11,87,1,6,2129913a-1e69-487e-8638-adfbd5aa44d5,13,108,up,rule_based_agent
11,11,86,1,7,2129913a-1e69-487e-8638-adfbd5aa44d5,14,108,up,rule_based_agent
11,11,85,1,8,2129913a-1e69-487e-8638-adfbd5aa44d5,15,108,up,rule_based_agent
11,11,84,1,9,2129913a-1e69-487e-8638-adfbd5aa44d5,16,108,right,rule_based_agent
11,11,83,2,9,2129913a-1e69-487e-8638-adfbd5aa44d5,17,108,down,rule_based_agent
11,11,82,2,8,2129913a-1e69-487e-8638-adfbd5aa44d5,18,108,down,rule_based_agent
11,11,81,2,7,2129913a-1e69-487e-8638-adfbd5aa44d5,19,108,right,rule_based_agent
11,11,80,3,7,2129913a-1e69-487e-8638-adfbd5aa44d5,20,108,down,rule_based_agent
11,11,79,3,6,2129913a-1e69-487e-8638-adfbd5aa44d5,21,108,right,rule_based_agent
11,11,100,4,6,2129913a-1e69-487e-8638-adfbd5aa44d5,22,108,down,rule_based_agent
11,11,99,4,5,2129913a-1e69-487e-8638-adfbd5aa44d5,23,108,down,rule_based_agent
11,11,100,4,4,2129913a-1e69-487e-8638-adfbd5aa44d5,24,108,right,rule_based_agent
11,11,99,5,4,2129913a-1e69-487e-8638-adfbd5aa44d5,25,108,right,rule_based_agent
11,11,98,6,4,2129913a-1e69-487e-8638-adfbd5aa44d5,26,108,right,rule_based_agent
11,11,97,7,4,2129913a-1e69-487e-8638-adfbd5aa44d5,27,108,right,rule_based_agent
11,11,96,8,4,2129913a-1e69-487e-8638-adfbd5aa44d5,28,108,up,rule_based_agent
11,11,95,8,5,2129913a-1e69-487e-8638-adfbd5aa44d5,29,108,right,rule_based_agent
11,11,94,9,5,2129913a-1e69-487e-8638-adfbd5aa44d5,30,108,right,rule_based_agent
11,11,93,10,5,2129913a-1e69-487e-8638-adfbd5aa44d5,31,108,down,rule_based_agent
11,11,92,10,4,2129913a-1e69-487e-8638-adfbd5aa44d5,32,108,down,rule_based_agent
11,11,91,10,3,2129913a-1e69-487e-8638-adfbd5aa44d5,33,108,left,rule_based_agent
11,11,90,9,3,2129913a-1e69-487e-8638-adfbd5aa44d5,34,108,left,rule_based_agent
11,11,89,8,3,2129913a-1e69-487e-8638-adfbd5aa44d5,35,108,down,rule_based_agent
11,11,88,8,2,2129913a-1e69-487e-8638-adfbd5aa44d5,36,108,right,rule_based_agent
11,11,100,9,2,2129913a-1e69-487e-8638-adfbd5aa44d5,37,108,down,rule_based_agent
11,11,99,9,1,2129913a-1e69-487e-8638-adfbd5aa44d5,38,108,down,rule_based_agent
11,11,98,9,0,2129913a-1e69-487e-8638-adfbd5aa44d5,39,108,right,rule_based_agent
11,11,97,10,0,2129913a-1e69-487e-8638-adfbd5aa44d5,40,108,up,rule_based_agent
11,11,96,10,1,2129913a-1e69-487e-8638-adfbd5aa44d5,41,108,up,rule_based_agent
11,11,95,10,2,2129913a-1e69-487e-8638-adfbd5aa44d5,42,108,up,rule_based_agent
11,11,94,10,3,2129913a-1e69-487e-8638-adfbd5aa44d5,43,108,left,rule_based_agent
11,11,93,9,3,2129913a-1e69-487e-8638-adfbd5aa44d5,44,108,left,rule_based_agent
11,11,92,8,3,2129913a-1e69-487e-8638-adfbd5aa44d5,45,108,up,rule_based_agent
11,11,91,8,4,2129913a-1e69-487e-8638-adfbd5aa44d5,46,108,left,rule_based_agent
11,11,90,7,4,2129913a-1e69-487e-8638-adfbd5aa44d5,47,108,up,rule_based_agent
11,11,89,7,5,2129913a-1e69-487e-8638-adfbd5aa44d5,48,108,left,rule_based_agent
11,11,88,6,5,2129913a-1e69-487e-8638-adfbd5aa44d5,49,108,up,rule_based_agent
11,11,87,6,6,2129913a-1e69-487e-8638-adfbd5aa44d5,50,108,right,rule_based_agent
11,11,86,7,6,2129913a-1e69-487e-8638-adfbd5aa44d5,51,108,right,rule_based_agent
11,11,85,8,6,2129913a-1e69-487e-8638-adfbd5aa44d5,52,108,right,rule_based_agent
11,11,84,9,6,2129913a-1e69-487e-8638-adfbd5aa44d5,53,108,right,rule_based_agent
11,11,100,10,6,2129913a-1e69-487e-8638-adfbd5aa44d5,54,108,up,rule_based_agent
11,11,99,10,7,2129913a-1e69-487e-8638-adfbd5aa44d5,55,108,left,rule_based_agent
11,11,98,9,7,2129913a-1e69-487e-8638-adfbd5aa44d5,56,108,up,rule_based_agent
11,11,100,9,8,2129913a-1e69-487e-8638-adfbd5aa44d5,57,108,up,rule_based_agent
11,11,100,9,9,2129913a-1e69-487e-8638-adfbd5aa44d5,58,108,right,rule_based_agent
11,11,99,10,9,2129913a-1e69-487e-8638-adfbd5aa44d5,59,108,down,rule_based_agent
11,11,100,5,9,8bfba647-071f-4f08-90bb-a4ef825bfc71,0,109,left,rule_based_agent
11,11,99,4,9,8bfba647-071f-4f08-90bb-a4ef825bfc71,1,109,up,rule_based_agent
11,11,100,4,10,8bfba647-071f-4f08-90bb-a4ef825bfc71,2,109,right,rule_based_agent
11,11,99,5,10,8bfba647-071f-4f08-90bb-a4ef825bfc71,3,109,right,rule_based_agent
11,11,98,6,10,8bfba647-071f-4f08-90bb-a4ef825bfc71,4,109,down,rule_based_agent
11,11,97,6,9,8bfba647-071f-4f08-90bb-a4ef825bfc71,5,109,down,rule_based_agent
11,11,96,6,8,8bfba647-071f-4f08-90bb-a4ef825bfc71,6,109,down,rule_based_agent
11,11,95,6,7,8bfba647-071f-4f08-90bb-a4ef825bfc71,7,109,right,rule_based_agent
11,11,94,7,7,8bfba647-071f-4f08-90bb-a4ef825bfc71,8,109,down,rule_based_agent
11,11,93,7,6,8bfba647-071f-4f08-90bb-a4ef825bfc71,9,109,left,rule_based_agent
11,11,92,6,6,8bfba647-071f-4f08-90bb-a4ef825bfc71,10,109,down,rule_based_agent
11,11,91,6,5,8bfba647-071f-4f08-90bb-a4ef825bfc71,11,109,down,rule_based_agent
11,11,90,6,4,8bfba647-071f-4f08-90bb-a4ef825bfc71,12,109,left,rule_based_agent
11,11,89,5,4,8bfba647-071f-4f08-90bb-a4ef825bfc71,13,109,left,rule_based_agent
11,11,88,4,4,8bfba647-071f-4f08-90bb-a4ef825bfc71,14,109,down,rule_based_agent
11,11,87,4,3,8bfba647-071f-4f08-90bb-a4ef825bfc71,15,109,left,rule_based_agent
11,11,86,3,3,8bfba647-071f-4f08-90bb-a4ef825bfc71,16,109,left,rule_based_agent
11,11,85,2,3,8bfba647-071f-4f08-90bb-a4ef825bfc71,17,109,up,rule_based_agent
11,11,84,2,4,8bfba647-071f-4f08-90bb-a4ef825bfc71,18,109,left,rule_based_agent
11,11,83,1,4,8bfba647-071f-4f08-90bb-a4ef825bfc71,19,109,left,rule_based_agent
11,11,82,0,4,8bfba647-071f-4f08-90bb-a4ef825bfc71,20,109,down,rule_based_agent
11,11,81,0,3,8bfba647-071f-4f08-90bb-a4ef825bfc71,21,109,down,rule_based_agent
11,11,80,0,2,8bfba647-071f-4f08-90bb-a4ef825bfc71,22,109,down,rule_based_agent
11,11,79,0,1,8bfba647-071f-4f08-90bb-a4ef825bfc71,23,109,down,rule_based_agent
11,11,78,0,0,8bfba647-071f-4f08-90bb-a4ef825bfc71,24,109,right,rule_based_agent
11,11,77,1,0,8bfba647-071f-4f08-90bb-a4ef825bfc71,25,109,up,rule_based_agent
11,11,100,1,1,8bfba647-071f-4f08-90bb-a4ef825bfc71,26,109,up,rule_based_agent
11,11,99,1,2,8bfba647-071f-4f08-90bb-a4ef825bfc71,27,109,right,rule_based_agent
11,11,100,2,2,8bfba647-071f-4f08-90bb-a4ef825bfc71,28,109,right,rule_based_agent
11,11,99,3,2,8bfba647-071f-4f08-90bb-a4ef825bfc71,29,109,up,rule_based_agent
11,11,98,3,3,8bfba647-071f-4f08-90bb-a4ef825bfc71,30,109,left,rule_based_agent
11,11,97,2,3,8bfba647-071f-4f08-90bb-a4ef825bfc71,31,109,left,rule_based_agent
11,11,96,1,3,8bfba647-071f-4f08-90bb-a4ef825bfc71,32,109,up,rule_based_agent
11,11,95,1,4,8bfba647-071f-4f08-90bb-a4ef825bfc71,33,109,left,rule_based_agent
11,11,94,0,4,8bfba647-071f-4f08-90bb-a4ef825bfc71,34,109,down,rule_based_agent
11,11,93,0,3,8bfba647-071f-4f08-90bb-a4ef825bfc71,35,109,down,rule_based_agent
11,11,92,0,2,8bfba647-071f-4f08-90bb-a4ef825bfc71,36,109,down,rule_based_agent
11,11,91,0,1,8bfba647-071f-4f08-90bb-a4ef825bfc71,37,109,down,rule_based_agent
11,11,90,0,0,8bfba647-071f-4f08-90bb-a4ef825bfc71,38,109,right,rule_based_agent
11,11,89,1,0,8bfba647-071f-4f08-90bb-a4ef825bfc71,39,109,right,rule_based_agent
11,11,88,2,0,8bfba647-071f-4f08-90bb-a4ef825bfc71,40,109,right,rule_based_agent
11,11,87,3,0,8bfba647-071f-4f08-90bb-a4ef825bfc71,41,109,right,rule_based_agent
11,11,86,4,0,8bfba647-071f-4f08-90bb-a4ef825bfc71,42,109,up,rule_based_agent
11,11,85,4,1,8bfba647-071f-4f08-90bb-a4ef825bfc71,43,109,left,rule_based_agent
11,11,84,3,1,8bfba647-071f-4f08-90bb-a4ef825bfc71,44,109,up,rule_based_agent
11,11,83,3,2,8bfba647-071f-4f08-90bb-a4ef825bfc71,45,109,left,rule_based_agent
11,11,82,2,2,8bfba647-071f-4f08-90bb-a4ef825bfc71,46,109,left,rule_based_agent
11,11,81,1,2,8bfba647-071f-4f08-90bb-a4ef825bfc71,47,109,left,rule_based_agent
11,11,80,0,2,8bfba647-071f-4f08-90bb-a4ef825bfc71,48,109,up,rule_based_agent
11,11,79,0,3,8bfba647-071f-4f08-90bb-a4ef825bfc71,49,109,up,rule_based_agent
11,11,78,0,4,8bfba647-071f-4f08-90bb-a4ef825bfc71,50,109,right,rule_based_agent
11,11,77,1,4,8bfba647-071f-4f08-90bb-a4ef825bfc71,51,109,down,rule_based_agent
11,11,76,1,3,8bfba647-071f-4f08-90bb-a4ef825bfc71,52,109,right,rule_based_agent
11,11,75,2,3,8bfba647-071f-4f08-90bb-a4ef825bfc71,53,109,right,rule_based_agent
11,11,74,3,3,8bfba647-071f-4f08-90bb-a4ef825bfc71,54,109,right,rule_based_agent
11,11,73,4,3,8bfba647-071f-4f08-90bb-a4ef825bfc71,55,109,down,rule_based_agent
11,11,72,4,2,8bfba647-071f-4f08-90bb-a4ef825bfc71,56,109,down,rule_based_agent
11,11,71,4,1,8bfba647-071f-4f08-90bb-a4ef825bfc71,57,109,down,rule_based_agent
11,11,70,4,0,8bfba647-071f-4f08-90bb-a4ef825bfc71,58,109,right,rule_based_agent
11,11,69,5,0,8bfba647-071f-4f08-90bb-a4ef825bfc71,59,109,up,rule_based_agent
11,11,68,5,1,8bfba647-071f-4f08-90bb-a4ef825bfc71,60,109,right,rule_based_agent
11,11,67,6,1,8bfba647-071f-4f08-90bb-a4ef825bfc71,61,109,down,rule_based_agent
11,11,66,6,0,8bfba647-071f-4f08-90bb-a4ef825bfc71,62,109,right,rule_based_agent
11,11,65,7,0,8bfba647-071f-4f08-90bb-a4ef825bfc71,63,109,right,rule_based_agent
11,11,64,8,0,8bfba647-071f-4f08-90bb-a4ef825bfc71,64,109,right,rule_based_agent
11,11,63,9,0,8bfba647-071f-4f08-90bb-a4ef825bfc71,65,109,up,rule_based_agent
11,11,62,9,1,8bfba647-071f-4f08-90bb-a4ef825bfc71,66,109,right,rule_based_agent
11,11,61,10,1,8bfba647-071f-4f08-90bb-a4ef825bfc71,67,109,down,rule_based_agent
